
SET SQL_MODE = "NO_AUTO_VALUE_ON_ZERO";
START TRANSACTION;
SET time_zone = "+00:00";


/*!40101 SET @OLD_CHARACTER_SET_CLIENT=@@CHARACTER_SET_CLIENT */;
/*!40101 SET @OLD_CHARACTER_SET_RESULTS=@@CHARACTER_SET_RESULTS */;
/*!40101 SET @OLD_COLLATION_CONNECTION=@@COLLATION_CONNECTION */;
/*!40101 SET NAMES utf8mb4 */;

--
-- 数据库： `configure`
--

-- --------------------------------------------------------

--
-- 表的结构 `business`
--

CREATE TABLE `business` (
                            `id` int(10) UNSIGNED NOT NULL COMMENT '主键ID',
                            `created_at` bigint(20) DEFAULT NULL COMMENT '创建时间',
                            `updated_at` bigint(20) DEFAULT NULL COMMENT '修改时间',
                            `server_id` int(10) UNSIGNED NOT NULL COMMENT '服务id',
                            `keyword` char(32) CHARACTER SET utf8mb4 COLLATE utf8mb4_bin NOT NULL COMMENT '变量标识',
                            `type` varchar(32) NOT NULL COMMENT '变量类型',
                            `description` varchar(128) NOT NULL COMMENT '变量描述'
) ENGINE=InnoDB DEFAULT CHARSET=utf8mb4 COMMENT='业务变量';

--
-- 转存表中的数据 `business`
--

INSERT INTO `business` (`id`, `created_at`, `updated_at`, `server_id`, `keyword`, `type`, `description`) VALUES
                                                                                                             (1, 1712995716, 1712995716, 2, 'AuthSkipRoles', 'object', '跳过权限检测的角色列表'),
                                                                                                             (2, 1712995716, 1712995716, 2, 'DefaultUserPassword', 'string', '默认账号密码'),
                                                                                                             (4, 1712995716, 1712995716, 2, 'LoginPrivatePath', 'string', 'rsa解密私钥路径'),
                                                                                                             (5, 1712995716, 1712995716, 2, 'Setting', 'object', '系统设置'),
                                                                                                             (6, 1712995716, 1719465188, 3, 'DefaultAcceptTypes', 'object', '允许上传的文件后缀'),
                                                                                                             (8, 1712995716, 1719465209, 3, 'ChunkSize', 'int', '单个切片最大大小（M）'),
                                                                                                             (9, 1712995716, 1719465230, 3, 'DefaultMaxSize', 'int', '文件最大大小（M）'),
                                                                                                             (15, 1719462652, 1719462652, 2, 'ChangePasswordType', 'string', '修改密码方式'),
                                                                                                             (16, 1723029091, 1723029091, 9, 'botSetting', 'object', 'bot设置'),
                                                                                                             (17, 1723029177, 1723029177, 9, 'botId', 'string', '机器人id'),
                                                                                                             (18, 1723029204, 1723029204, 9, 'botKey', 'string', '机器人密钥');

-- --------------------------------------------------------

--
-- 表的结构 `business_value`
--

CREATE TABLE `business_value` (
                                  `id` int(10) UNSIGNED NOT NULL COMMENT '主键ID',
                                  `created_at` bigint(20) DEFAULT NULL COMMENT '创建时间',
                                  `updated_at` bigint(20) DEFAULT NULL COMMENT '修改时间',
                                  `env_id` int(10) UNSIGNED NOT NULL COMMENT '环境id',
                                  `business_id` int(10) UNSIGNED NOT NULL COMMENT '业务变量id',
                                  `value` text NOT NULL COMMENT '业务变量id'
) ENGINE=InnoDB DEFAULT CHARSET=utf8mb4 COMMENT='业务变量值';

--
-- 转存表中的数据 `business_value`
--

INSERT INTO `business_value` (`id`, `created_at`, `updated_at`, `env_id`, `business_id`, `value`) VALUES
                                                                                                      (52, 1719371012, 1719465259, 1, 6, '[\"jpg\",\"png\",\"txt\",\"ppt\",\"pptx\",\"mp4\",\"pdf\"]'),
                                                                                                      (53, 1719371012, 1719465259, 2, 6, '[\"jpg\",\"png\",\"txt\",\"ppt\",\"pptx\",\"mp4\"]'),
                                                                                                      (54, 1719371012, 1719465259, 3, 6, '[\"jpg\",\"png\",\"txt\",\"ppt\",\"pptx\",\"mp4\"]'),
                                                                                                      (61, 1719382347, 1719465239, 1, 9, '10'),
                                                                                                      (62, 1719382347, 1719465239, 2, 9, '10'),
                                                                                                      (63, 1719382347, 1719465239, 3, 9, '10'),
                                                                                                      (64, 1719382352, 1719382352, 1, 8, '1'),
                                                                                                      (65, 1719382352, 1719382352, 2, 8, '1'),
                                                                                                      (66, 1719382352, 1719382352, 3, 8, '1'),
                                                                                                      (73, 1719462662, 1719462662, 1, 15, 'password'),
                                                                                                      (74, 1719462662, 1719462662, 2, 15, 'password'),
                                                                                                      (75, 1719462662, 1719462662, 3, 15, 'email'),
                                                                                                      (76, 1719463071, 1719463071, 1, 4, 'static/cert/login.pem'),
                                                                                                      (77, 1719463071, 1719463071, 2, 4, 'static/cert/login.pem'),
                                                                                                      (78, 1719463071, 1719463071, 3, 4, 'static/cert/login.pem'),
                                                                                                      (79, 1719463092, 1719463092, 1, 1, '[\"superAdmin\"]'),
                                                                                                      (80, 1719463092, 1719463092, 2, 1, '[\"superAdmin\"]'),
                                                                                                      (81, 1719463092, 1719463092, 3, 1, '[\"superAdmin\"]'),
                                                                                                      (82, 1719463137, 1719463137, 1, 2, '12345678'),
                                                                                                      (83, 1719463137, 1719463137, 2, 2, '12345678'),
                                                                                                      (84, 1719463137, 1719463137, 3, 2, '12345678'),
                                                                                                      (85, 1719463217, 1719463217, 1, 5, '{\"logo\":\"http://p3-armor.byteimg.com/tos-cn-i-49unhts6dw/dfdba5317c0c20ce20e64fac803d52bc.svg~tplv-49unhts6dw-image.image\",\"watermark\":\"go-platform\",\"title\":\"统一应用管理平台\",\"desc\":\"开放协作，拥抱未来，统一应用管理平台\",\"copyright\":\"Copyright © 2024 lime.qlime.cn. All rights reserved.\"}'),
                                                                                                      (86, 1719463217, 1719463217, 2, 5, '{\"title\":\"统一应用管理平台\",\"desc\":\"开放协作，拥抱未来，统一应用管理平台\",\"copyright\":\"Copyright © 2024 lime.qlime.cn. All rights reserved.\",\"logo\":\"http://p3-armor.byteimg.com/tos-cn-i-49unhts6dw/dfdba5317c0c20ce20e64fac803d52bc.svg~tplv-49unhts6dw-image.image\",\"watermark\":\"go-platform\"}'),
                                                                                                      (87, 1719463217, 1719463217, 3, 5, '{\"title\":\"统一应用管理平台\",\"desc\":\"开放协作，拥抱未来，统一应用管理平台\",\"copyright\":\"Copyright © 2024 lime.qlime.cn. All rights reserved.\",\"logo\":\"http://p3-armor.byteimg.com/tos-cn-i-49unhts6dw/dfdba5317c0c20ce20e64fac803d52bc.svg~tplv-49unhts6dw-image.image\",\"watermark\":\"go-platform\"}'),
                                                                                                      (94, 1723029160, 1728496834, 1, 16, '{\"logo\":\"http://p3-armor.byteimg.com/tos-cn-i-49unhts6dw/dfdba5317c0c20ce20e64fac803d52bc.svg~tplv-49unhts6dw-image.image\",\"desc\":\"你好，同学。我是负责贫困资助的AI助手，请问你有什么想要咨询的问题吗？\",\"guiding\":[{\"type\":\"question\",\"text\":\"你好，同学\"}],\"name\":\"我的AI\"}'),
                                                                                                      (95, 1723029160, 1728496834, 2, 16, '{\"logo\":\"http://p3-armor.byteimg.com/tos-cn-i-49unhts6dw/dfdba5317c0c20ce20e64fac803d52bc.svg~tplv-49unhts6dw-image.image\",\"desc\":\"你好，同学。我是负责贫困资助的AI助手，请问你有什么想要咨询的问题吗？\",\"guiding\":[{\"type\":\"question\",\"text\":\"你好，同学\"}],\"name\":\"我的AI\"}'),
                                                                                                      (96, 1723029160, 1728496834, 3, 16, '{\"name\":\"贫困补助AI助手\",\"logo\":\"https://gimg3.baidu.com/topone/src=https%3A%2F%2Fbkimg.cdn.bcebos.com%2Fsmart%2F8326cffc1e178a82b90138118155648da97739124271-bkimg-process%2Cv_1%2Crw_1%2Crh_1%2Cmaxl_800%2Cpad_1%3Fx-bce-process%3Dimage%2Fresize%2Cm_pad%2Cw_348%2Ch_348%2Ccolor_ffffff\\u0026refer=http%3A%2F%2Fwww.baidu.com\\u0026app=2011\\u0026size=w931\\u0026n=0\\u0026g=0n\\u0026er=404\\u0026q=75\\u0026fmt=auto\\u0026maxorilen2heic=2000000?sec=1728666000\\u0026t=fe09e144ea94ccedec88400db060be55\",\"desc\":\"你好，同学。我是负责贫困资助的AI助手，请问你有什么想要咨询的问题吗？\",\"guiding\":[{\"type\":\"question\",\"text\":\"你好，同学\"}]}'),
                                                                                                      (97, 1723029192, 1723029192, 1, 17, '8f0ad162-7cc2-4c5a-8dc8-60434d4a27d9'),
                                                                                                      (98, 1723029192, 1723029192, 2, 17, '8f0ad162-7cc2-4c5a-8dc8-60434d4a27d9'),
                                                                                                      (99, 1723029192, 1723029192, 3, 17, '8f0ad162-7cc2-4c5a-8dc8-60434d4a27d9'),
                                                                                                      (100, 1723029215, 1723029215, 1, 18, 'bce-v3/ALTAK-vXBk2DvNrk0ashSpsZ2jc/ee04a3d76a9dd2325a46e074c5a4c7bc1ebf493d'),
                                                                                                      (101, 1723029215, 1723029215, 2, 18, 'bce-v3/ALTAK-vXBk2DvNrk0ashSpsZ2jc/ee04a3d76a9dd2325a46e074c5a4c7bc1ebf493d'),
                                                                                                      (102, 1723029215, 1723029215, 3, 18, 'bce-v3/ALTAK-vXBk2DvNrk0ashSpsZ2jc/ee04a3d76a9dd2325a46e074c5a4c7bc1ebf493d');

-- --------------------------------------------------------

--
-- 表的结构 `configure`
--

CREATE TABLE `configure` (
                             `id` int(10) UNSIGNED NOT NULL COMMENT '主键ID',
                             `created_at` bigint(20) DEFAULT NULL COMMENT '创建时间',
                             `updated_at` bigint(20) DEFAULT NULL COMMENT '修改时间',
                             `server_id` int(10) UNSIGNED NOT NULL COMMENT '服务id',
                             `env_id` int(10) UNSIGNED NOT NULL COMMENT '环境id',
                             `content` text NOT NULL COMMENT '配置内容',
                             `version` varchar(32) NOT NULL COMMENT '配置版本',
                             `format` varchar(32) NOT NULL COMMENT '配置格式',
                             `description` varchar(128) DEFAULT NULL COMMENT '配置描述'
) ENGINE=InnoDB DEFAULT CHARSET=utf8mb4 COMMENT='配置内容';

--
-- 转存表中的数据 `configure`
--

INSERT INTO `configure` (`id`, `created_at`, `updated_at`, `server_id`, `env_id`, `content`, `version`, `format`, `description`) VALUES
                                                                                                                                     (1, 1712995716, 1720323748, 1, 1, 'addr: 0.0.0.0:7080\nname: gateway\nversion: v1\nmiddlewares:\n  - name: bbr\n  - name: cors\n    options:\n      allowCredentials: true\n      allowOrigins:\n        - \'*\'\n      allowMethods:\n        - GET\n        - POST\n        - PUT\n        - DELETE\n        - OPTIONS\n      AllowHeaders:\n        - Content-Type\n        - Content-Length\n        - Authorization\n      ExposeHeaders:\n        - Content-Length\n        - Access-Control-Allow-Headers\n  - name: tracing\n  - name: logging\n  - name: transcoder\nendpoints:\n  - path: /manager/api/*\n    timeout: 10s\n    protocol: HTTP\n    responseFormat: true\n    backends:\n      - target: 127.0.0.1:7010\n  - path: /manager/client/*\n    timeout: 10s\n    protocol: HTTP\n    responseFormat: true\n    backends:\n      - target: 127.0.0.1:7010\n    middlewares:\n      - name: auth\n        options:\n          url: http://localhost:7080/usercenter/client/v1/auth\n          method: POST\n  - path: /configure/api/*\n    timeout: 10s\n    protocol: HTTP\n    responseFormat: true\n    backends:\n      - target: 127.0.0.1:6081\n    middlewares:\n      - name: auth\n        options:\n          url: http://localhost:7080/manager/api/v1/auth\n          method: POST\n  - path: /resource/api/*\n    timeout: 10s\n    protocol: HTTP\n    responseFormat: true\n    backends:\n      - target: 127.0.0.1:7020\n    middlewares:\n      - name: auth\n        options:\n          url: http://localhost:7080/manager/api/v1/auth\n          method: POST\n          whiteList:\n            - path: /resource/api/v1/static/*\n              method: GET\n            - path: /resource/api/v1/download/*\n              method: GET\n  - path: /resource/client/*\n    timeout: 10s\n    protocol: HTTP\n    responseFormat: true\n    backends:\n      - target: 127.0.0.1:7020\n    middlewares:\n      - name: auth\n        options:\n          url: http://localhost:7080/usercenter/client/v1/auth\n          method: POST\n  - path: /usercenter/api/*\n    timeout: 10s\n    protocol: HTTP\n    responseFormat: true\n    backends:\n      - target: 127.0.0.1:7030\n    middlewares:\n      - name: auth\n        options:\n          url: http://localhost:7080/manager/api/v1/auth\n          method: POST\n  - path: /usercenter/client/*\n    timeout: 10s\n    protocol: HTTP\n    responseFormat: true\n    backends:\n      - target: 127.0.0.1:7030\n  - path: /cron/api/*\n    timeout: 10s\n    protocol: HTTP\n    responseFormat: true\n    backends:\n      - target: 127.0.0.1:7040\n    middlewares:\n      - name: auth\n        options:\n          url: http://localhost:7080/manager/api/v1/auth\n          method: POST\n  - path: /partyaffairs/api/*\n    timeout: 10s\n    protocol: HTTP\n    responseFormat: true\n    backends:\n      - target: 127.0.0.1:7100\n    middlewares:\n      - name: auth\n        options:\n          url: http://localhost:7080/manager/api/v1/auth\n          method: POST\n  - path: /partyaffairs/client/*\n    timeout: 10s\n    protocol: HTTP\n    responseFormat: true\n    backends:\n      - target: 127.0.0.1:7100\n    middlewares:\n      - name: auth\n        options:\n          url: http://localhost:7080/usercenter/client/v1/auth\n          method: POST', '1ce1ae5cd58912a4ef6d6c79c4d9f694', 'yaml', '1'),
                                                                                                                                     (2, 1712995716, 1719559014, 2, 1, 'test: 11\nenv: TEST\nserver:\n  http:\n    host: 127.0.0.1\n    port: 7010\n    timeout: 10s\n    marshal:\n      emitUnpopulated: true\n      useProtoNames: true\n  grpc:\n    host: 127.0.0.1\n    port: 8010\n    timeout: 10s\nlog:\n  level: 0\n  caller: true\n  output:\n    - stdout\n    - file\n  file:\n    name: ./tmp/runtime/output.log\n    maxSize: 1\n    maxBackup: 5\n    maxAge: 1\n    compress: false\ndatabase:\n  system:\n    enable: true #是否启用数据库\n    drive: mysql #数据库类型\n    autoCreate: true #是否自动创建数据库\n    connect:\n      username: root\n      password: root\n      host: 127.0.0.1\n      port: 3306\n      dbName: manager\n      option: ?charset=utf8mb4&parseTime=True&loc=Local\n    config:\n      transformError:\n        enable: true\n      initializer:\n        enable: true\n        path: deploy/data.sql\n      maxLifetime: 2h #最大生存时间\n      maxOpenConn: 20 #最大连接数量\n      maxIdleConn: 10 #最大空闲数量\n      logLevel: 4 #日志等级\n      slowThreshold: 2s #慢sql阈值\nredis:\n  cache:\n    enable: true\n    host: 127.0.0.1:6379\n    username: \n    password: \ncaptcha:\n  login:\n    type: image\n    length: 6\n    expire: 180s\n    redis: cache\n    height: 80\n    width: 240\n    skew: 0.7\n    refresh: true\n    dotCount: 80\n  changePassword:\n    type: email\n    length: 6\n    expire: 180s\n    redis: cache\n    template: captcha\nloader:\n  login: static/cert/login.pem\nemail:\n  template:\n    captcha:\n      subject: 验证码发送通知\n      path: static/template/email/default.html\n      from: 统一应用管理中心\n      type: text/html\n  user: 860808187@qq.com\n  name: 青岑云\n  host: smtp.qq.com\n  port: 25\n  password: fyudafdzqmhwbfbd\njwt:\n  redis: cache\n  secret: limes-cloud-test\n  expire: 2h\n  renewal: 600s\n  whitelist: {\"GET:/manager/api/v1/system/setting\":true,\"GET:/manager/api/v1/user/login/captcha\":true,\"POST:/manager/api/v1/user/login\":true,\"POST:/manager/api/v1/user/logout\":true,\"POST:/manager/api/v1/user/token/refresh\":true,\"POST:/usercenter/api/v1/auth\":true}\nauthentication:\n  db: system\n  redis: cache\n  roleKey: roleKeyword\n  skipRole: [\"superAdmin\"]\nclient:\n  - server: Resource\n    type: direct\n    backends:\n      - target: 127.0.0.1:8020\nbusiness:\n  changePasswordType: password\n  defaultUserPassword: 12345678\n  setting: {\"logo\":\"http://p3-armor.byteimg.com/tos-cn-i-49unhts6dw/dfdba5317c0c20ce20e64fac803d52bc.svg~tplv-49unhts6dw-image.image\",\"watermark\":\"go-platform\",\"title\":\"统一应用管理平台\",\"desc\":\"开放协作，拥抱未来，统一应用管理平台\",\"copyright\":\"Copyright © 2024 lime.qlime.cn. All rights reserved.\"}\n', 'a33fce908bdfd67b27145aa927df8740', 'yaml', '测试'),
                                                                                                                                     (3, 1712995716, 1719466309, 3, 1, '\nenv: TEST\nserver:\n  http:\n    host: 127.0.0.1\n    port: 7020\n    timeout: 10s\n    marshal:\n      emitUnpopulated: true\n      useProtoNames: true\n  grpc:\n    host: 127.0.0.1\n    port: 8020\n    timeout: 10s\nlog:\n  level: 0\n  caller: true\n  output:\n    - stdout\n    - file\n  file:\n    name: ./tmp/runtime/output.log\n    maxSize: 1\n    maxBackup: 5\n    maxAge: 1\n    compress: false\ndatabase:\n  system:\n    enable: true #是否启用数据库\n    drive: mysql #数据库类型\n    autoCreate: true #是否自动创建数据库\n    connect:\n      username: root\n      password: root\n      host: 127.0.0.1\n      port: 3306\n      dbName: resource\n      option: ?charset=utf8mb4&parseTime=True&loc=Local\n    config:\n      transformError:\n        enable: true\n      initializer:\n        enable: true\n        path: deploy/data.sql\n      maxLifetime: 2h #最大生存时间\n      maxOpenConn: 20 #最大连接数量\n      maxIdleConn: 10 #最大空闲数量\n      logLevel: 3 #日志等级\n      slowThreshold: 2s #慢sql阈值\nredis:\n  cache:\n    enable: true\n    host: 127.0.0.1:6379\n    username: \n    password: \nbusiness:\n  chunkSize: 1\n  defaultMaxSize: 10\n  defaultAcceptTypes: [\"jpg\",\"png\",\"txt\",\"ppt\",\"pptx\",\"mp4\",\"pdf\"]\n  storage:\n    type: local\n    serverUrl: http://127.0.0.1:7080/resource/api/v1/static\n    localDir: static\n    temporaryExpire: 600s\n    secret: limescloud\n  export:\n    serverUrl: http://127.0.0.1:7080/resource/api/v1/download\n    localDir: static/export\n    expire: 72h\n', '0266de2d040fa6a857c691196eee79dc', 'yaml', '初始化模板'),
                                                                                                                                     (4, 1712995716, 1720269927, 5, 1, '\nenv: TEST\nserver:\n  http:\n    host: 127.0.0.1\n    port: 7030\n    timeout: 10s\n    marshal:\n      emitUnpopulated: true\n      useProtoNames: true\n  grpc:\n    host: 127.0.0.1\n    port: 8030\n    timeout: 10s\nclient:\n  - server: Resource\n    type: direct\n    backends:\n      - target: 127.0.0.1:8020\nlog:\n  level: 0\n  caller: true\n  output:\n    - stdout\n    - file\n  file:\n    name: ./tmp/runtime/output.log\n    maxSize: 1\n    maxBackup: 5\n    maxAge: 1\n    compress: false\ndatabase:\n  system:\n    enable: true #是否启用数据库\n    drive: mysql #数据库类型\n    autoCreate: true #是否自动创建数据库\n    connect:\n      username: root\n      password: root\n      host: 127.0.0.1\n      port: 3306\n      dbName: usercenter\n      option: ?charset=utf8mb4&parseTime=True&loc=Local\n    config:\n      transformError:\n        enable: true\n      initializer:\n        enable: true\n        path: deploy/data.sql\n      maxLifetime: 2h #最大生存时间\n      maxOpenConn: 20 #最大连接数量\n      maxIdleConn: 10 #最大空闲数量\n      logLevel: 4 #日志等级\n      slowThreshold: 2s #慢sql阈值\nredis:\n  cache:\n    enable: true\n    host: 127.0.0.1:6379\n    username: \n    password: \ncaptcha:\n  loginImage:\n    type: image\n    length: 6\n    expire: 180s\n    redis: cache\n    height: 80\n    width: 200\n    skew: 0.7\n    dotCount: 80\n    refresh: true\n  bindImage:\n    type: image\n    length: 6\n    expire: 180s\n    redis: cache\n    height: 80\n    width: 200\n    skew: 0.7\n    dotCount: 80\n    refresh: true\n  registerImage:\n    type: image\n    length: 6\n    expire: 180s\n    redis: cache\n    height: 80\n    width: 200\n    skew: 0.7\n    dotCount: 80\n    refresh: true\n  loginEmail:\n    type: email\n    length: 6\n    expire: 180s\n    redis: cache\n    template: login\n  bindEmail:\n    type: email\n    length: 6\n    expire: 180s\n    redis: cache\n    template: bind\n  registerEmail:\n    type: email\n    length: 6\n    expire: 180s\n    redis: cache\n    template: register\nloader:\n  password: static/cert/password.pem\nemail:\n  template:\n    login:\n      subject: 登录验证码发送通知\n      path: static/template/email/default.html\n      type: text/html\n    bind:\n      subject: 绑定验证码发送通知\n      path: static/template/email/default.html\n      type: text/html\n    register:\n      subject: 注册验证码发送通知\n      path: static/template/email/default.html\n      type: text/html\n  user: 860808187@qq.com\n  name: 青岑云\n  host: smtp.qq.com\n  port: 25\n  password: fyudafdzqmhwbfbd\njwt:\n  redis: cache\n  secret: limes-cloud-client-test\n  expire: 2h\n  renewal: 600s\n  whitelist: {\"*:/usercenter/api/*\":true,\"GET:/usercenter/client/v1/app\":true,\"POST:/usercenter/client/v1/auth\":true,\"POST:/usercenter/client/v1/auth/captcha\":true,\"POST:/usercenter/client/v1/bind/*\":true,\"POST:/usercenter/client/v1/login/*\":true,\"POST:/usercenter/client/v1/logout\":true,\"POST:/usercenter/client/v1/register/*\":true,\"POST:/usercenter/client/v1/token/refresh\":true}\nbusiness:\n  defaultPasswordExpire: 10s\n  defaultNickName: 用户-\n', '7c27fdf3d7414e04b5e6c8d81365c6f5', 'yaml', '1'),
                                                                                                                                     (5, 1712995716, 1720283178, 6, 1, '\nenv: TEST\nserver:\n  http:\n    host: 127.0.0.1\n    port: 7100\n    timeout: 10s\n    marshal:\n      emitUnpopulated: true\n      useProtoNames: true\n  grpc:\n    host: 127.0.0.1\n    port: 8100\n    timeout: 10s\nclient:\n  - server: Resource\n    type: direct\n    backends:\n      - target: 127.0.0.1:8020\n  - server: UserCenter\n    type: direct\n    backends:\n      - target: 127.0.0.1:8030\nlog:\n  level: 0\n  output:\n    - stdout\n    - file\n  file:\n    name: ./tmp/runtime/output.log\n    maxSize: 1\n    maxBackup: 5\n    maxAge: 1\n    compress: false\ndatabase:\n  system:\n    enable: true #是否启用数据库\n    drive: mysql #数据库类型\n    autoCreate: true #是否自动创建数据库\n    connect:\n      username: root\n      password: root\n      host: 127.0.0.1\n      port: 3306\n      dbName: party_affairs\n      option: ?charset=utf8mb4&parseTime=True&loc=Local\n    config:\n      transformError:\n        enable: true\n      initializer:\n        enable: true\n        path: deploy/data.sql\n      maxLifetime: 2h #最大生存时间\n      maxOpenConn: 20 #最大连接数量\n      maxIdleConn: 10 #最大空闲数量\n      logLevel: 4 #日志等级\n      slowThreshold: 2s #慢sql阈值\n', '9bc4e1f9583aee6284249d8cf45eddb1', 'yaml', '1'),
                                                                                                                                     (6, 1712995716, 1719557335, 1, 2, 'addr: 0.0.0.0:7080\nname: gateway\nversion: v1\nmiddlewares:\n  - name: bbr\n  - name: cors\n    options:\n      allowCredentials: true\n      allowOrigins:\n        - \'*\'\n      allowMethods:\n        - GET\n        - POST\n        - PUT\n        - DELETE\n        - OPTIONS\n      AllowHeaders:\n        - Content-Type\n        - Content-Length\n        - Authorization\n      ExposeHeaders:\n        - Content-Length\n        - Access-Control-Allow-Headers\n  - name: tracing\n  - name: logging\n  - name: transcoder\nendpoints:\n  - path: /manager/api/*\n    timeout: 10s\n    protocol: HTTP\n    responseFormat: true\n    backends:\n      - target: 127.0.0.1:7010\n  - path: /manager/client/*\n    timeout: 10s\n    protocol: HTTP\n    responseFormat: true\n    backends:\n      - target: 127.0.0.1:7010\n    middlewares:\n      - name: auth\n        options:\n          url: http://localhost:7080/usercenter/client/v1/auth\n          method: POST\n  - path: /configure/api/*\n    timeout: 10s\n    protocol: HTTP\n    responseFormat: true\n    backends:\n      - target: 127.0.0.1:6081\n    middlewares:\n      - name: auth\n        options:\n          url: http://localhost:7080/manager/api/v1/auth\n          method: POST\n  - path: /resource/api/*\n    timeout: 10s\n    protocol: HTTP\n    responseFormat: true\n    backends:\n      - target: 127.0.0.1:7020\n    middlewares:\n      - name: auth\n        options:\n          url: http://localhost:7080/manager/api/v1/auth\n          method: POST\n          whiteList:\n            - path: /resource/api/v1/static/*\n              method: GET\n            - path: /resource/api/v1/download/*\n              method: GET\n  - path: /resource/client/*\n    timeout: 10s\n    protocol: HTTP\n    responseFormat: true\n    backends:\n      - target: 127.0.0.1:7020\n    middlewares:\n      - name: auth\n        options:\n          url: http://localhost:7080/usercenter/api/v1/auth\n          method: POST\n  - path: /usercenter/api/*\n    timeout: 10s\n    protocol: HTTP\n    responseFormat: true\n    backends:\n      - target: 127.0.0.1:7030\n    middlewares:\n      - name: auth\n        options:\n          url: http://localhost:7080/manager/api/v1/auth\n          method: POST\n  - path: /usercenter/client/*\n    timeout: 10s\n    protocol: HTTP\n    responseFormat: true\n    backends:\n      - target: 127.0.0.1:7030\n  - path: /cron/api/*\n    timeout: 10s\n    protocol: HTTP\n    responseFormat: true\n    backends:\n      - target: 127.0.0.1:7040\n    middlewares:\n      - name: auth\n        options:\n          url: http://localhost:7080/manager/api/v1/auth\n          method: POST\n  - path: /partyaffairs/api/*\n    timeout: 10s\n    protocol: HTTP\n    responseFormat: true\n    backends:\n      - target: 127.0.0.1:7100\n    middlewares:\n      - name: auth\n        options:\n          url: http://localhost:7080/manager/api/v1/auth\n          method: POST\n  - path: /partyaffairs/client/*\n    timeout: 10s\n    protocol: HTTP\n    responseFormat: true\n    backends:\n      - target: 127.0.0.1:7100\n    middlewares:\n      - name: auth\n        options:\n          url: http://localhost:7080/usercenter/api/v1/auth\n          method: POST', 'e25350369a0436f3af879333dcb7cbe5', 'yaml', '初始化模板'),
                                                                                                                                     (7, 1712995716, 1719464076, 2, 2, 'test: 11\nenv: PRE\nserver:\n  http:\n    host: 127.0.0.1\n    port: 7010\n    timeout: 10s\n    marshal:\n      emitUnpopulated: true\n      useProtoNames: true\n  grpc:\n    host: 127.0.0.1\n    port: 8010\n    timeout: 10s\nlog:\n  level: 0\n  caller: true\n  output:\n    - stdout\n    - file\n  file:\n    name: ./tmp/runtime/output.log\n    maxSize: 1\n    maxBackup: 5\n    maxAge: 1\n    compress: false\ndatabase:\n  system:\n    enable: true #是否启用数据库\n    drive: mysql #数据库类型\n    autoCreate: true #是否自动创建数据库\n    connect:\n      username: root\n      password: root\n      host: 127.0.0.1\n      port: 3306\n      dbName: manager\n      option: ?charset=utf8mb4&parseTime=True&loc=Local\n    config:\n      transformError:\n        enable: true\n      initializer:\n        enable: true\n        path: deploy/data.sql\n      maxLifetime: 2h #最大生存时间\n      maxOpenConn: 20 #最大连接数量\n      maxIdleConn: 10 #最大空闲数量\n      logLevel: 4 #日志等级\n      slowThreshold: 2s #慢sql阈值\nredis:\n  cache:\n    enable: true\n    host: 127.0.0.1:6379\n    username: \n    password: \ncaptcha:\n  login:\n    type: image\n    length: 6\n    expire: 180s\n    redis: cache\n    height: 80\n    width: 240\n    skew: 0.7\n    refresh: true\n    dotCount: 80\n  changePassword:\n    type: email\n    length: 6\n    expire: 180s\n    redis: cache\n    template: captcha\nloader:\n  login: static/cert/login.pem\nemail:\n  template:\n    captcha:\n      subject: 验证码发送通知\n      path: static/template/email/default.html\n      from: 统一应用管理中心\n      type: text/html\n  user: 860808187@qq.com\n  name: 青岑云\n  host: smtp.qq.com\n  port: 25\n  password: xxx\njwt:\n  redis: cache\n  secret: limes-cloud-pre\n  expire: 2h\n  renewal: 600s\n  whitelist: {\"GET:/manager/api/v1/system/setting\":true,\"GET:/manager/api/v1/user/login/captcha\":true,\"POST:/manager/api/v1/user/login\":true,\"POST:/manager/api/v1/user/logout\":true,\"POST:/manager/api/v1/user/token/refresh\":true}\nauthentication:\n  db: system\n  redis: cache\n  roleKey: roleKeyword\n  skipRole: [\"superAdmin\"]\nclient:\n  - server: Resource\n    type: direct\n    backends:\n      - target: 127.0.0.1:8010\nbusiness:\n  changePasswordType: password\n  defaultUserPassword: 12345678\n  setting: {\"title\":\"统一应用管理平台\",\"desc\":\"开放协作，拥抱未来，统一应用管理平台\",\"copyright\":\"Copyright © 2024 lime.qlime.cn. All rights reserved.\",\"logo\":\"http://p3-armor.byteimg.com/tos-cn-i-49unhts6dw/dfdba5317c0c20ce20e64fac803d52bc.svg~tplv-49unhts6dw-image.image\",\"watermark\":\"go-platform\"}\n', '1d2555ef65b788c69f3254a92719cc0b', 'yaml', '初始化模板'),
                                                                                                                                     (8, 1712995716, 1719467313, 3, 2, '\nenv: PRE\nserver:\n  http:\n    host: 127.0.0.1\n    port: 7020\n    timeout: 10s\n    marshal:\n      emitUnpopulated: true\n      useProtoNames: true\n  grpc:\n    host: 127.0.0.1\n    port: 8020\n    timeout: 10s\nlog:\n  level: 0\n  caller: true\n  output:\n    - stdout\n    - file\n  file:\n    name: ./tmp/runtime/output.log\n    maxSize: 1\n    maxBackup: 5\n    maxAge: 1\n    compress: false\ndatabase:\n  system:\n    enable: true #是否启用数据库\n    drive: mysql #数据库类型\n    autoCreate: true #是否自动创建数据库\n    connect:\n      username: root\n      password: root\n      host: 127.0.0.1\n      port: 3306\n      dbName: resource\n      option: ?charset=utf8mb4&parseTime=True&loc=Local\n    config:\n      transformError:\n        enable: true\n      initializer:\n        enable: true\n        path: deploy/data.sql\n      maxLifetime: 2h #最大生存时间\n      maxOpenConn: 20 #最大连接数量\n      maxIdleConn: 10 #最大空闲数量\n      logLevel: 3 #日志等级\n      slowThreshold: 2s #慢sql阈值\nredis:\n  cache:\n    enable: true\n    host: 127.0.0.1:6379\n    username: \n    password: \nbusiness:\n  chunkSize: 1\n  defaultMaxSize: 10\n  defaultAcceptTypes: [\"jpg\",\"png\",\"txt\",\"ppt\",\"pptx\",\"mp4\"]\n  storage:\n    type: local\n    serverUrl: http://127.0.0.1:7080/resource/api/v1/static\n    localDir: static\n    temporaryExpire: 600s\n    secret: limescloud\n  export:\n    serverUrl: http://127.0.0.1:7080/resource/api/v1/download\n    localDir: static/export\n    expire: 72h\n', '84cdc6dbc3e7e5d04af6f5f1da605013', 'yaml', '初始化模板'),
                                                                                                                                     (9, 1712995716, 1719474377, 5, 2, '\nenv: PRE\nserver:\n  http:\n    host: 127.0.0.1\n    port: 7030\n    timeout: 10s\n    marshal:\n      emitUnpopulated: true\n      useProtoNames: true\n  grpc:\n    host: 127.0.0.1\n    port: 8030\n    timeout: 10s\nclient:\n  - server: Resource\n    type: direct\n    backends:\n      - target: 127.0.0.1:8020\nlog:\n  level: 0\n  output:\n    - stdout\n    - file\n  file:\n    name: ./tmp/runtime/output.log\n    maxSize: 1\n    maxBackup: 5\n    maxAge: 1\n    compress: false\ndatabase:\n  system:\n    enable: true #是否启用数据库\n    drive: mysql #数据库类型\n    autoCreate: true #是否自动创建数据库\n    connect:\n      username: root\n      password: root\n      host: 127.0.0.1\n      port: 3306\n      dbName: usercenter\n      option: ?charset=utf8mb4&parseTime=True&loc=Local\n    config:\n      transformError:\n        enable: true\n      initializer:\n        enable: true\n        path: deploy/data.sql\n      maxLifetime: 2h #最大生存时间\n      maxOpenConn: 20 #最大连接数量\n      maxIdleConn: 10 #最大空闲数量\n      logLevel: 4 #日志等级\n      slowThreshold: 2s #慢sql阈值\nredis:\n  cache:\n    enable: true\n    host: 127.0.0.1:6379\n    username: \n    password: \ncaptcha:\n  loginImage:\n    type: image\n    length: 6\n    expire: 180s\n    redis: cache\n    height: 80\n    width: 200\n    skew: 0.7\n    dotCount: 80\n    refresh: true\n  bindImage:\n    type: image\n    length: 6\n    expire: 180s\n    redis: cache\n    height: 80\n    width: 200\n    skew: 0.7\n    dotCount: 80\n    refresh: true\n  registerImage:\n    type: image\n    length: 6\n    expire: 180s\n    redis: cache\n    height: 80\n    width: 200\n    skew: 0.7\n    dotCount: 80\n    refresh: true\n  loginEmail:\n    type: email\n    length: 6\n    expire: 180s\n    redis: cache\n    template: login\n  bindEmail:\n    type: email\n    length: 6\n    expire: 180s\n    redis: cache\n    template: bind\n  registerEmail:\n    type: email\n    length: 6\n    expire: 180s\n    redis: cache\n    template: register\nloader:\n  password: static/cert/password.pem\nemail:\n  template:\n    login:\n      subject: 登录验证码发送通知\n      path: static/template/email/default.html\n      type: text/html\n    bind:\n      subject: 绑定验证码发送通知\n      path: static/template/email/default.html\n      type: text/html\n    register:\n      subject: 注册验证码发送通知\n      path: static/template/email/default.html\n      type: text/html\n  user: 860808187@qq.com\n  name: 青岑云\n  host: smtp.qq.com\n  port: 25\n  password: xxx\njwt:\n  redis: cache\n  secret: limes-cloud-client-pre\n  expire: 2h\n  renewal: 600s\n  whitelist: {\"*:/usercenter/api/*\":true,\"*:/usercenter/client/*\":true}\nbusiness:\n  service:\n    resource: 127.0.0.1:8020\n', '0c3387a6828a72a708b98085b7b45d71', 'yaml', '初始化配置'),
                                                                                                                                     (10, 1712995716, 1712995716, 6, 2, '\nenv: PRE\nserver:\n  http:\n    host: 127.0.0.1\n    port: 7100\n    timeout: 10s\n    marshal:\n      emitUnpopulated: true\n      useProtoNames: true\n  grpc:\n    host: 127.0.0.1\n    port: 8100\n    timeout: 10s\nclient:\n  - server: Resource\n    type: direct\n    backends:\n      - target: 127.0.0.1:8003\n  - server: UserCenter\n    type: direct\n    backends:\n      - target: 127.0.0.1:8004\nlog:\n  level: 0\n  output:\n    - stdout\n    - file\n  file:\n    name: ./tmp/runtime/output.log\n    maxSize: 1\n    maxBackup: 5\n    maxAge: 1\n    compress: false\ndatabase:\n  system:\n    enable: true #是否启用数据库\n    drive: mysql #数据库类型\n    autoCreate: true #是否自动创建数据库\n    connect:\n      username: root\n      password: root\n      host: 127.0.0.1\n      port: 3306\n      dbName: party_affairs\n      option: ?charset=utf8mb4&parseTime=True&loc=Local\n    config:\n      transformError:\n        enable: true\n      initializer:\n        enable: true\n        path: deploy/data.sql\n      maxLifetime: 2h #最大生存时间\n      maxOpenConn: 20 #最大连接数量\n      maxIdleConn: 10 #最大空闲数量\n      logLevel: 4 #日志等级\n      slowThreshold: 2s #慢sql阈值\nbusiness:\n  auth:\n    yiBan:\n      appId: e4750b34230b48e1\n      appSecret: b0891a7f6018e5a76b085e3cb9548edd\n', '6311dada0a48b1d307068a92da31a3f1', 'yaml', '自动初始化'),
                                                                                                                                     (11, 1712995716, 1729189107, 1, 3, 'addr: 0.0.0.0:7080\nname: gateway\nversion: v1\nmiddlewares:\n  - name: bbr\n  - name: cors\n    options:\n      allowCredentials: true\n      allowOrigins:\n        - \'*\'\n      allowMethods:\n        - GET\n        - POST\n        - PUT\n        - DELETE\n        - OPTIONS\n      AllowHeaders:\n        - Content-Type\n        - Content-Length\n        - Authorization\n      ExposeHeaders:\n        - Content-Length\n        - Access-Control-Allow-Headers\n  - name: tracing\n  - name: logging\n  - name: transcoder\nendpoints:\n  - path: /manager/api/*\n    timeout: 10s\n    protocol: HTTP\n    responseFormat: true\n    backends:\n      - target: 127.0.0.1:7010\n  - path: /manager/client/*\n    timeout: 10s\n    protocol: HTTP\n    responseFormat: true\n    backends:\n      - target: 127.0.0.1:7010\n    middlewares:\n      - name: auth\n        options:\n          url: http://localhost:7080/application/client/v1/auth\n          method: POST\n  - path: /configure/api/*\n    timeout: 10s\n    protocol: HTTP\n    responseFormat: true\n    backends:\n      - target: 127.0.0.1:6081\n    middlewares:\n      - name: auth\n        options:\n          url: http://localhost:7080/manager/api/v1/auth\n          method: POST\n  - path: /resource/api/*\n    timeout: 600s\n    protocol: HTTP\n    responseFormat: true\n    backends:\n      - target: 127.0.0.1:7020\n    middlewares:\n      - name: auth\n        options:\n          url: http://localhost:7080/manager/api/v1/auth\n          method: POST\n          whiteList:\n            - path: /resource/api/v1/static/*\n              method: GET\n            - path: /resource/api/v1/download/*\n              method: GET\n  - path: /resource/client/*\n    timeout: 600s\n    protocol: HTTP\n    responseFormat: true\n    backends:\n      - target: 127.0.0.1:7020\n    middlewares:\n      - name: auth\n        options:\n          url: http://localhost:7080/application/client/v1/auth\n          method: POST\n  - path: /application/api/*\n    timeout: 10s\n    protocol: HTTP\n    responseFormat: true\n    backends:\n      - target: 127.0.0.1:7030\n    middlewares:\n      - name: auth\n        options:\n          url: http://localhost:7080/manager/api/v1/auth\n          method: POST\n  - path: /application/client/*\n    timeout: 10s\n    protocol: HTTP\n    responseFormat: true\n    backends:\n      - target: 127.0.0.1:7030\n  - path: /cron/api/*\n    timeout: 10s\n    protocol: HTTP\n    responseFormat: true\n    backends:\n      - target: 127.0.0.1:7040\n    middlewares:\n      - name: auth\n        options:\n          url: http://localhost:7080/manager/api/v1/auth\n          method: POST\n  - path: /partyaffairs/api/*\n    timeout: 10s\n    protocol: HTTP\n    responseFormat: true\n    backends:\n      - target: 127.0.0.1:7100\n    middlewares:\n      - name: auth\n        options:\n          url: http://localhost:7080/manager/api/v1/auth\n          method: POST\n  - path: /partyaffairs/client/*\n    timeout: 10s\n    protocol: HTTP\n    responseFormat: true\n    backends:\n      - target: 127.0.0.1:7100\n    middlewares:\n      - name: auth\n        options:\n          url: http://localhost:7080/application/client/v1/auth\n          method: POST\n  - path: /poverty/api/*\n    timeout: 10s\n    protocol: HTTP\n    responseFormat: true\n    backends:\n      - target: 127.0.0.1:7120\n    middlewares:\n      - name: auth\n        options:\n          url: http://localhost:7080/manager/api/v1/auth\n          method: POST\n  - path: /poverty/client/*\n    timeout: 10s\n    protocol: HTTP\n    responseFormat: true\n    backends:\n      - target: 127.0.0.1:7120\n    middlewares:\n      - name: auth\n        options:\n          url: http://localhost:7080/application/client/v1/auth\n          method: POST', '66164cc6f6d0a50cdfb1035b6672a706', 'yaml', '1'),
                                                                                                                                     (12, 1712995716, 1720364177, 2, 3, 'test: 11\nenv: PROD\nserver:\n  http:\n    host: 127.0.0.1\n    port: 7010\n    timeout: 10s\n    marshal:\n      emitUnpopulated: true\n      useProtoNames: true\n  grpc:\n    host: 127.0.0.1\n    port: 8010\n    timeout: 10s\nlog:\n  level: 0\n  caller: true\n  output:\n    - stdout\n    - file\n  file:\n    name: ./tmp/runtime/output.log\n    maxSize: 1\n    maxBackup: 5\n    maxAge: 1\n    compress: false\ndatabase:\n  system:\n    enable: true #是否启用数据库\n    drive: mysql #数据库类型\n    autoCreate: true #是否自动创建数据库\n    connect:\n      username: manager\n      password: L8hjTy5GMZmdHJX3\n      host: 127.0.0.1\n      port: 3306\n      dbName: manager\n      option: ?charset=utf8mb4&parseTime=True&loc=Local\n    config:\n      transformError:\n        enable: true\n      initializer:\n        enable: true\n        path: deploy/data.sql\n      maxLifetime: 2h #最大生存时间\n      maxOpenConn: 20 #最大连接数量\n      maxIdleConn: 10 #最大空闲数量\n      logLevel: 4 #日志等级\n      slowThreshold: 2s #慢sql阈值\nredis:\n  cache:\n    enable: true\n    host: 127.0.0.1:6379\n    username: \n    password: \ncaptcha:\n  login:\n    type: image\n    length: 6\n    expire: 180s\n    redis: cache\n    height: 80\n    width: 240\n    skew: 0.7\n    refresh: true\n    dotCount: 80\n  changePassword:\n    type: email\n    length: 6\n    expire: 180s\n    redis: cache\n    template: captcha\nloader:\n  login: static/cert/login.pem\nemail:\n  template:\n    captcha:\n      subject: 验证码发送通知\n      path: static/template/email/default.html\n      from: 统一应用管理中心\n      type: text/html\n  user: 860808187@qq.com\n  name: 青岑云\n  host: smtp.qq.com\n  port: 25\n  password: fyudafdzqmhwbfbd\njwt:\n  redis: cache\n  secret: limes-cloud-prod\n  expire: 2h\n  renewal: 600s\n  whitelist: {\"GET:/manager/api/v1/system/setting\":true,\"GET:/manager/api/v1/user/login/captcha\":true,\"POST:/manager/api/v1/user/login\":true,\"POST:/manager/api/v1/user/logout\":true,\"POST:/manager/api/v1/user/token/refresh\":true}\nauthentication:\n  db: system\n  redis: cache\n  roleKey: roleKeyword\n  skipRole: [\"superAdmin\"]\nclient:\n  - server: Resource\n    type: direct\n    backends:\n      - target: 127.0.0.1:8020\nbusiness:\n  changePasswordType: email\n  defaultUserPassword: 12345678\n  setting: {\"title\":\"统一应用管理平台\",\"desc\":\"开放协作，拥抱未来，统一应用管理平台\",\"copyright\":\"Copyright © 2024 lime.qlime.cn. All rights reserved.\",\"logo\":\"http://p3-armor.byteimg.com/tos-cn-i-49unhts6dw/dfdba5317c0c20ce20e64fac803d52bc.svg~tplv-49unhts6dw-image.image\",\"watermark\":\"go-platform\"}\n', '42462633dd9a6685e39fb3572c9fd01e', 'yaml', '初始化模板'),
                                                                                                                                     (13, 1712995716, 1729189119, 3, 3, '\nenv: PROD\nserver:\n  http:\n    host: 127.0.0.1\n    port: 7020\n    timeout: 600s\n    marshal:\n      emitUnpopulated: true\n      useProtoNames: true\n  grpc:\n    host: 127.0.0.1\n    port: 8020\n    timeout: 600s\nlog:\n  level: 0\n  caller: true\n  output:\n    - stdout\n    - file\n  file:\n    name: ./tmp/runtime/output.log\n    maxSize: 1\n    maxBackup: 5\n    maxAge: 1\n    compress: false\ndatabase:\n  system:\n    enable: true #是否启用数据库\n    drive: mysql #数据库类型\n    autoCreate: true #是否自动创建数据库\n    connect:\n      username: resource\n      password: ct7AYfaM8kc8LWHi\n      host: 127.0.0.1\n      port: 3306\n      dbName: resource\n      option: ?charset=utf8mb4&parseTime=True&loc=Local\n    config:\n      transformError:\n        enable: true\n      initializer:\n        enable: true\n        path: deploy/data.sql\n      maxLifetime: 2h #最大生存时间\n      maxOpenConn: 20 #最大连接数量\n      maxIdleConn: 10 #最大空闲数量\n      logLevel: 4 #日志等级\n      slowThreshold: 2s #慢sql阈值\nredis:\n  cache:\n    enable: true\n    host: 127.0.0.1:6379\n    username: \n    password: \nbusiness:\n  chunkSize: 1\n  defaultMaxSize: 10\n  defaultAcceptTypes: [\"jpg\",\"png\",\"txt\",\"ppt\",\"pptx\",\"mp4\"]\n  storage:\n    type: local\n    serverUrl: https://prod-gw.qlime.cn/resource/api/v1/static\n    localDir: static\n    temporaryExpire: 600s\n    secret: limescloud\n  export:\n    serverUrl: https://prod-gw.qlime.cn/resource/api/v1/download\n    localDir: static/export\n    expire: 72h\n', 'de69d97e91f4e71bfdc3ad1e63f85976', 'yaml', '1'),
                                                                                                                                     (14, 1712995716, 1728067876, 5, 3, '\nenv: PROD\nserver:\n  http:\n    host: 127.0.0.1\n    port: 7030\n    timeout: 10s\n    marshal:\n      emitUnpopulated: true\n      useProtoNames: true\n  grpc:\n    host: 127.0.0.1\n    port: 8030\n    timeout: 10s\nclient:\n  - server: Resource\n    type: direct\n    backends:\n      - target: 127.0.0.1:8020\nlog:\n  level: 0\n  caller: true\n  output:\n    - stdout\n    - file\n  file:\n    name: ./tmp/runtime/output.log\n    maxSize: 1\n    maxBackup: 5\n    maxAge: 1\n    compress: false\ndatabase:\n  system:\n    enable: true #是否启用数据库\n    drive: mysql #数据库类型\n    autoCreate: true #是否自动创建数据库\n    connect:\n      username: usercenter\n      password: eZEhkfYZRKRY5kYk\n      host: 127.0.0.1\n      port: 3306\n      dbName: usercenter\n      option: ?charset=utf8mb4&parseTime=True&loc=Local\n    config:\n      transformError:\n        enable: true\n      initializer:\n        enable: true\n        path: deploy/data.sql\n      maxLifetime: 2h #最大生存时间\n      maxOpenConn: 20 #最大连接数量\n      maxIdleConn: 10 #最大空闲数量\n      logLevel: 4 #日志等级\n      slowThreshold: 2s #慢sql阈值\nredis:\n  cache:\n    enable: true\n    host: 127.0.0.1:6379\n    username: \n    password: \ncaptcha:\n  loginImage:\n    type: image\n    length: 6\n    expire: 180s\n    redis: cache\n    height: 80\n    width: 200\n    skew: 0.7\n    dotCount: 80\n    refresh: true\n  bindImage:\n    type: image\n    length: 6\n    expire: 180s\n    redis: cache\n    height: 80\n    width: 200\n    skew: 0.7\n    dotCount: 80\n    refresh: true\n  registerImage:\n    type: image\n    length: 6\n    expire: 180s\n    redis: cache\n    height: 80\n    width: 200\n    skew: 0.7\n    dotCount: 80\n    refresh: true\n  loginEmail:\n    type: email\n    length: 6\n    expire: 180s\n    redis: cache\n    template: login\n  bindEmail:\n    type: email\n    length: 6\n    expire: 180s\n    redis: cache\n    template: bind\n  registerEmail:\n    type: email\n    length: 6\n    expire: 180s\n    redis: cache\n    template: register\nloader:\n  password: static/cert/password.pem\nemail:\n  template:\n    login:\n      subject: 登录验证码发送通知\n      path: static/template/email/default.html\n      type: text/html\n    bind:\n      subject: 绑定验证码发送通知\n      path: static/template/email/default.html\n      type: text/html\n    register:\n      subject: 注册验证码发送通知\n      path: static/template/email/default.html\n      type: text/html\n  user: 860808187@qq.com\n  name: 青岑云\n  host: smtp.qq.com\n  port: 25\n  password: fyudafdzqmhwbfbd\njwt:\n  redis: cache\n  secret: limes-cloud-client-prod\n  expire: 2h\n  renewal: 600s\n  whitelist: {\"*:/application/api/*\":true,\"GET:/application/client/v1/app\":true,\"POST:/application/client/v1/auth/captcha\":true,\"POST:/application/client/v1/bind/email\":true,\"POST:/application/client/v1/bind/password\":true,\"POST:/application/client/v1/login/email\":true,\"POST:/application/client/v1/login/oauth\":true,\"POST:/application/client/v1/login/password\":true,\"POST:/application/client/v1/register/email\":true,\"POST:/application/client/v1/register/password\":true,\"POST:/application/client/v1/token/refresh\":true}\nbusiness:\n  defaultPasswordExpire: 10s\n  defaultNickName: 用户-\n', '62d335b1dae6a68c8109449502fe82db', 'yaml', '新增应用中心配置'),
                                                                                                                                     (15, 1712995716, 1728071385, 6, 3, '\nenv: PROD\nserver:\n  http:\n    host: 127.0.0.1\n    port: 7100\n    timeout: 10s\n    marshal:\n      emitUnpopulated: true\n      useProtoNames: true\n  grpc:\n    host: 127.0.0.1\n    port: 8100\n    timeout: 10s\nclient:\n  - server: Resource\n    type: direct\n    backends:\n      - target: 127.0.0.1:8020\n  - server: Application\n    type: direct\n    backends:\n      - target: 127.0.0.1:8030\nlog:\n  level: 0\n  output:\n    - stdout\n    - file\n  file:\n    name: ./tmp/runtime/output.log\n    maxSize: 1\n    maxBackup: 5\n    maxAge: 1\n    compress: false\ndatabase:\n  system:\n    enable: true #是否启用数据库\n    drive: mysql #数据库类型\n    autoCreate: true #是否自动创建数据库\n    connect:\n      username: party_affairs\n      password: 2pH7MTcaRD3YZWWt\n      host: 127.0.0.1\n      port: 3306\n      dbName: party_affairs\n      option: ?charset=utf8mb4&parseTime=True&loc=Local\n    config:\n      transformError:\n        enable: true\n      initializer:\n        enable: true\n        path: deploy/data.sql\n      maxLifetime: 2h #最大生存时间\n      maxOpenConn: 20 #最大连接数量\n      maxIdleConn: 10 #最大空闲数量\n      logLevel: 4 #日志等级\n      slowThreshold: 2s #慢sql阈值\n', 'a062a539daf9cc44818fd77687c65fd8', 'yaml', '同步应用中心配置'),
                                                                                                                                     (19, 1719635224, 1719719685, 4, 1, '\nenv: TEST\nserver:\n  http:\n    host: 127.0.0.1\n    port: 7040\n    timeout: 10s\n    marshal:\n      emitUnpopulated: true\n      useProtoNames: true\n  grpc:\n    host: 127.0.0.1\n    port: 8040\n    timeout: 10s\nlog:\n  level: 0\n  caller: true\n  output:\n    - stdout\n    - file\n  file:\n    name: ./tmp/runtime/output.log\n    maxSize: 1\n    maxBackup: 5\n    maxAge: 1\n    compress: true\nredis:\n  cache:\n    enable: true\n    host: 127.0.0.1:6379\n    username: \n    password: \ndatabase:\n  system:\n    enable: true #是否启用数据库\n    drive: mysql #数据库类型\n    autoCreate: true #是否自动创建数据库\n    connect:\n      username: root\n      password: root\n      host: 127.0.0.1\n      port: 3306\n      dbName: cron\n      option: ?charset=utf8mb4&parseTime=True&loc=Local\n    config:\n      transformError:\n        enable: true\n      initializer:\n        enable: true\n        path: deploy/data.sql\n      maxLifetime: 2h #最大生存时间\n      maxOpenConn: 20 #最大连接数量\n      maxIdleConn: 10 #最大空闲数量\n      logLevel: 4 #日志等级\n      slowThreshold: 2s #慢sql阈值\npool: #并非池配置\n  size: 10000 #最大协程数量\n  expiryDuration: 30s #过期时间\n  preAlloc: true #是否预分配\n  maxBlockingTasks: 1000 #最大的并发任务\n  nonblocking: true #设置为true时maxBlockingTasks将失效，不限制并发任务\nbusiness:\n  key: value\n', '4a935e90c678304f74f519825ac5cf77', 'yaml', '初始化模板'),
                                                                                                                                     (20, 1720364197, 1720364784, 4, 3, '\nenv: PROD\nserver:\n  http:\n    host: 127.0.0.1\n    port: 7040\n    timeout: 10s\n    marshal:\n      emitUnpopulated: true\n      useProtoNames: true\n  grpc:\n    host: 127.0.0.1\n    port: 8040\n    timeout: 10s\nlog:\n  level: 0\n  caller: true\n  output:\n    - stdout\n    - file\n  file:\n    name: ./tmp/runtime/output.log\n    maxSize: 1\n    maxBackup: 5\n    maxAge: 1\n    compress: true\nredis:\n  cache:\n    enable: true\n    host: 127.0.0.1:6379\n    username: \n    password: \ndatabase:\n  system:\n    enable: true #是否启用数据库\n    drive: mysql #数据库类型\n    autoCreate: true #是否自动创建数据库\n    connect:\n      username: cron\n      password: 4b7fTCenTjLH5PeL\n      host: 127.0.0.1\n      port: 3306\n      dbName: cron\n      option: ?charset=utf8mb4&parseTime=True&loc=Local\n    config:\n      transformError:\n        enable: true\n      initializer:\n        enable: true\n        path: deploy/data.sql\n      maxLifetime: 2h #最大生存时间\n      maxOpenConn: 20 #最大连接数量\n      maxIdleConn: 10 #最大空闲数量\n      logLevel: 4 #日志等级\n      slowThreshold: 2s #慢sql阈值\npool: #并非池配置\n  size: 10000 #最大协程数量\n  expiryDuration: 30s #过期时间\n  preAlloc: true #是否预分配\n  maxBlockingTasks: 1000 #最大的并发任务\n  nonblocking: true #设置为true时maxBlockingTasks将失效，不限制并发任务\nbusiness:\n  key: value\n', 'ef1f5d6a1f457576911903cf4f562c47', 'yaml', '初始化配置'),
                                                                                                                                     (21, 1723029369, 1728496848, 9, 3, '\nenv: PROD\nserver:\n  http:\n    host: 127.0.0.1\n    port: 7120\n    timeout: 10s\n    marshal:\n      emitUnpopulated: true\n      useProtoNames: true\nclient:\n  - server: Resource\n    type: direct\n    backends:\n      - target: 127.0.0.1:8020\n  - server: Application\n    type: direct\n    backends:\n      - target: 127.0.0.1:8030\nlog:\n  level: 0\n  output:\n    - stdout\n    - file\n  file:\n    name: ./tmp/runtime/output.log\n    maxSize: 1\n    maxBackup: 5\n    maxAge: 1\n    compress: false\ndatabase:\n  system:\n    enable: true #是否启用数据库\n    drive: mysql #数据库类型\n    autoCreate: true #是否自动创建数据库\n    connect:\n      username: poverty\n      password: i22MzdthBnF5N2S3\n      host: 127.0.0.1\n      port: 3306\n      dbName: poverty\n      option: ?charset=utf8mb4&parseTime=True&loc=Local\n    config:\n      transformError:\n        enable: true\n      initializer:\n        enable: true\n        path: deploy/data.sql\n      maxLifetime: 2h #最大生存时间\n      maxOpenConn: 100 #最大连接数量\n      maxIdleConn: 50 #最大空闲数量\n      logLevel: 4 #日志等级\n      slowThreshold: 2s #慢sql阈值\npool: #并非池配置\n  size: 1000 #最大协程数量\n  expiryDuration: 30s #过期时间\n  preAlloc: true #是否预分配\n  maxBlockingTasks: 1000 #最大的并发任务\n  nonblocking: true\nbusiness:\n  aiBot:\n    secret: bce-v3/ALTAK-vXBk2DvNrk0ashSpsZ2jc/ee04a3d76a9dd2325a46e074c5a4c7bc1ebf493d\n    appid: 8f0ad162-7cc2-4c5a-8dc8-60434d4a27d9\n    setting: {\"name\":\"贫困补助AI助手\",\"logo\":\"https://gimg3.baidu.com/topone/src=https%3A%2F%2Fbkimg.cdn.bcebos.com%2Fsmart%2F8326cffc1e178a82b90138118155648da97739124271-bkimg-process%2Cv_1%2Crw_1%2Crh_1%2Cmaxl_800%2Cpad_1%3Fx-bce-process%3Dimage%2Fresize%2Cm_pad%2Cw_348%2Ch_348%2Ccolor_ffffff\\u0026refer=http%3A%2F%2Fwww.baidu.com\\u0026app=2011\\u0026size=w931\\u0026n=0\\u0026g=0n\\u0026er=404\\u0026q=75\\u0026fmt=auto\\u0026maxorilen2heic=2000000?sec=1728666000\\u0026t=fe09e144ea94ccedec88400db060be55\",\"desc\":\"你好，同学。我是负责贫困资助的AI助手，请问你有什么想要咨询的问题吗？\",\"guiding\":[{\"type\":\"question\",\"text\":\"你好，同学\"}]}\n', '1b15c3b73aa4e18b21a64b3e89dc46bf', 'yaml', '修改setting');

-- --------------------------------------------------------

--
-- 表的结构 `env`
--

CREATE TABLE `env` (
                       `id` int(10) UNSIGNED NOT NULL COMMENT '主键ID',
                       `created_at` bigint(20) DEFAULT NULL COMMENT '创建时间',
                       `updated_at` bigint(20) DEFAULT NULL COMMENT '修改时间',
                       `keyword` char(32) CHARACTER SET utf8mb4 COLLATE utf8mb4_bin NOT NULL COMMENT '环境标识',
                       `name` varchar(64) NOT NULL COMMENT '环境名称',
                       `description` varchar(128) NOT NULL COMMENT '环境描述',
                       `token` varchar(128) NOT NULL COMMENT '环境token',
                       `status` tinyint(1) DEFAULT '0' COMMENT '环境状态'
) ENGINE=InnoDB DEFAULT CHARSET=utf8mb4 COMMENT='环境信息';

--
-- 转存表中的数据 `env`
--

INSERT INTO `env` (`id`, `created_at`, `updated_at`, `keyword`, `name`, `description`, `token`, `status`) VALUES
                                                                                                              (1, 1712995716, 1719369848, 'TEST', '测试环境', '用于本地测试', '1025D32F6CA7A2A320FE091B22C5DF3C', 1),
                                                                                                              (2, 1712995716, 1719245213, 'PRE', '预发布环境', '用于上线前测试', '862BBE3D5BE34A780305DA84A8DD5147', 1),
                                                                                                              (3, 1712995716, 1712995716, 'PROD', '生产环境', '用于线上真实环境', '5B655B7D4A51BF79C974C9F27C27D992', 1);

-- --------------------------------------------------------

--
-- 表的结构 `gorm_init`
--

CREATE TABLE `gorm_init` (
                             `id` int(10) UNSIGNED NOT NULL,
                             `init` tinyint(1) DEFAULT NULL
) ENGINE=InnoDB DEFAULT CHARSET=utf8mb4;

--
-- 转存表中的数据 `gorm_init`
--

INSERT INTO `gorm_init` (`id`, `init`) VALUES
    (1, 1);

-- --------------------------------------------------------

--
-- 表的结构 `resource`
--

CREATE TABLE `resource` (
                            `id` int(10) UNSIGNED NOT NULL COMMENT '主键ID',
                            `created_at` bigint(20) DEFAULT NULL COMMENT '创建时间',
                            `updated_at` bigint(20) DEFAULT NULL COMMENT '修改时间',
                            `keyword` char(32) CHARACTER SET utf8mb4 COLLATE utf8mb4_bin NOT NULL COMMENT '变量标识',
                            `description` varchar(128) NOT NULL COMMENT '变量描述',
                            `fields` varchar(256) NOT NULL COMMENT '变量字段集合',
                            `tag` varchar(32) NOT NULL COMMENT '变量标签',
                            `private` tinyint(1) DEFAULT '0' COMMENT '是否私有'
) ENGINE=InnoDB DEFAULT CHARSET=utf8mb4 COMMENT='资源变量';

--
-- 转存表中的数据 `resource`
--

INSERT INTO `resource` (`id`, `created_at`, `updated_at`, `keyword`, `description`, `fields`, `tag`, `private`) VALUES
                                                                                                                    (1, 1712995716, 1712995716, 'Env', '环境标识信息', 'Keyword', 'env', 0),
                                                                                                                    (2, 1712995716, 1712995716, 'AdminJwt', '后台管理服务jwt配置信息', 'Secret,Expire,Renewal,Whitelist', 'jwt', 0),
                                                                                                                    (3, 1712995716, 1712995716, 'ClientJwt', '客户端服务jwt配置信息', 'Secret,Expire,Renewal,Whitelist', 'jwt', 0),
                                                                                                                    (4, 1712995716, 1712995716, 'Redis', 'redis中间件配置信息', 'Host,Username,Password,Port', 'redis', 0),
                                                                                                                    (5, 1712995716, 1712995716, 'Email', '邮箱服务配置信息', 'Username,Company,Password,Host,Port', 'email', 0),
                                                                                                                    (6, 1712995716, 1712995716, 'GatewayServer', '通用网关服务配置信息', 'HttpPort,Host,Timeout', 'server', 0),
                                                                                                                    (7, 1712995716, 1712995716, 'ManagerServer', '管理中心服务配置信息', 'Host,HttpPort,GrpcPort,Timeout', 'server', 0),
                                                                                                                    (8, 1712995716, 1712995716, 'ManagerDatabase', '管理中心数据库配置', 'Username,Password,Type,Port,Database,Option,Host', 'mysql', 1),
                                                                                                                    (9, 1712995716, 1712995716, 'ResourceServer', '资源中心服务配置信息', 'Host,HttpPort,GrpcPort,Timeout', 'server', 0),
                                                                                                                    (10, 1712995716, 1712995716, 'ResourceDatabase', '资源中心数据库配置信息', 'Username,Password,Type,Port,Database,Option,Host', 'mysql', 1),
                                                                                                                    (11, 1712995716, 1712995716, 'CronServer', '定时任务服务配置信息', 'Host,HttpPort,GrpcPort,Timeout', 'server', 0),
                                                                                                                    (12, 1712995716, 1712995716, 'CronDatabase', '定时任务数据库配置信息', 'Username,Password,Type,Port,Database,Option,Host', 'mysql', 1),
                                                                                                                    (13, 1712995716, 1712995716, 'ConfigureServer', '配置中心服务配置信息', 'Host,HttpPort,GrpcPort,Timeout', 'server', 0),
                                                                                                                    (14, 1712995716, 1728064624, 'ApplicationServer', '应用中心服务配置信息', 'Host,HttpPort,GrpcPort,Timeout', 'server', 0),
                                                                                                                    (15, 1712995716, 1728064632, 'ApplicationDatabase', '应用中心数据库配置信息', 'Username,Password,Type,Port,Database,Option,Host', 'mysql', 1),
                                                                                                                    (16, 1712995716, 1712995716, 'PartyAffairsServer', '信号灯服务配置信息', 'Host,HttpPort,GrpcPort,Timeout', 'server', 0),
                                                                                                                    (17, 1712995716, 1719371833, 'PartyAffairsDatabase', '信号灯数据库配置信息', 'Username,Password,Type,Port,Database,Option,Host', 'mysql', 1),
                                                                                                                    (19, 1723028903, 1723028903, 'PovertyDatabase', '资助系统数据库信息', 'Username,Password,Type,Port,Database,Option,Host', 'mysql', 1),
                                                                                                                    (20, 1723028953, 1723028953, 'PovertyServer', '资助系统服务信息', 'Host,Port,Timeout', 'server', 0);

-- --------------------------------------------------------

--
-- 表的结构 `resource_server`
--

CREATE TABLE `resource_server` (
                                   `id` int(10) UNSIGNED NOT NULL COMMENT '主键ID',
                                   `created_at` bigint(20) DEFAULT NULL COMMENT '创建时间',
                                   `server_id` int(10) UNSIGNED NOT NULL COMMENT '服务id',
                                   `resource_id` int(10) UNSIGNED NOT NULL COMMENT '资源id'
) ENGINE=InnoDB DEFAULT CHARSET=utf8mb4 COMMENT='资源服务信息';

--
-- 转存表中的数据 `resource_server`
--

INSERT INTO `resource_server` (`id`, `created_at`, `server_id`, `resource_id`) VALUES
                                                                                   (1, 1712995716, 2, 8),
                                                                                   (2, 1712995716, 3, 10),
                                                                                   (3, 1712995716, 4, 12),
                                                                                   (6, NULL, 6, 17),
                                                                                   (7, NULL, 9, 19),
                                                                                   (8, NULL, 5, 15);

-- --------------------------------------------------------

--
-- 表的结构 `resource_value`
--

CREATE TABLE `resource_value` (
                                  `id` int(10) UNSIGNED NOT NULL COMMENT '主键ID',
                                  `created_at` bigint(20) DEFAULT NULL COMMENT '创建时间',
                                  `updated_at` bigint(20) DEFAULT NULL COMMENT '修改时间',
                                  `env_id` int(10) UNSIGNED NOT NULL COMMENT '环境id',
                                  `resource_id` int(10) UNSIGNED NOT NULL COMMENT '资源id',
                                  `value` text NOT NULL COMMENT '资源id'
) ENGINE=InnoDB DEFAULT CHARSET=utf8mb4 COMMENT='资源变量值';

--
-- 转存表中的数据 `resource_value`
--

INSERT INTO `resource_value` (`id`, `created_at`, `updated_at`, `env_id`, `resource_id`, `value`) VALUES
                                                                                                      (1, 1712995716, 1719371433, 1, 1, '{\"Keyword\":\"TEST\"}'),
                                                                                                      (2, 1712995716, 1719371433, 2, 1, '{\"Keyword\":\"PRE\"}'),
                                                                                                      (3, 1712995716, 1719371433, 3, 1, '{\"Keyword\":\"PROD\"}'),
                                                                                                      (4, 1712995716, 1719559394, 1, 2, '{\"Renewal\":\"600s\",\"Whitelist\":{\"GET:/manager/api/v1/system/setting\":true,\"GET:/manager/api/v1/user/login/captcha\":true,\"POST:/manager/api/v1/user/login\":true,\"POST:/manager/api/v1/user/logout\":true,\"POST:/manager/api/v1/user/token/refresh\":true},\"Secret\":\"limes-cloud-test\",\"Expire\":\"2h\"}'),
                                                                                                      (5, 1712995716, 1719559394, 2, 2, '{\"Secret\":\"limes-cloud-pre\",\"Expire\":\"2h\",\"Renewal\":\"600s\",\"Whitelist\":{\"GET:/manager/api/v1/user/login/captcha\":true,\"POST:/manager/api/v1/user/login\":true,\"POST:/manager/api/v1/user/logout\":true,\"POST:/manager/api/v1/user/token/refresh\":true,\"GET:/manager/api/v1/system/setting\":true}}'),
                                                                                                      (6, 1712995716, 1719559394, 3, 2, '{\"Whitelist\":{\"POST:/manager/api/v1/user/token/refresh\":true,\"GET:/manager/api/v1/system/setting\":true,\"GET:/manager/api/v1/user/login/captcha\":true,\"POST:/manager/api/v1/user/login\":true,\"POST:/manager/api/v1/user/logout\":true},\"Secret\":\"limes-cloud-prod\",\"Expire\":\"2h\",\"Renewal\":\"600s\"}'),
                                                                                                      (7, 1712995716, 1728067848, 1, 3, '{\"Secret\":\"limes-cloud-client-test\",\"Expire\":\"2h\",\"Renewal\":\"600s\",\"Whitelist\":{\"POST:/application/client/v1/token/refresh\":true,\"POST:/application/client/v1/logout\":true,\"POST:/application/client/v1/register/*\":true,\"POST:/application/client/v1/bind/*\":true,\"GET:/application/client/v1/app\":true,\"POST:/application/client/v1/auth/captcha\":true,\"POST:/application/client/v1/auth\":true,\"*:/application/api/*\":true,\"POST:/application/client/v1/login/*\":true}}'),
                                                                                                      (8, 1712995716, 1728067848, 2, 3, '{\"Whitelist\":{\"POST:/application/client/v1/register/email\":true,\"POST:/application/client/v1/login/oauth\":true,\"POST:/application/client/v1/login/email\":true,\"POST:/application/client/v1/register/password\":true,\"POST:/application/client/v1/bind/password\":true,\"POST:/application/client/v1/bind/email\":true,\"POST:/application/client/v1/auth/captcha\":true,\"*:/application/api/*\":true,\"POST:/application/client/v1/token/refresh\":true,\"GET:/application/client/v1/app\":true,\"POST:/application/client/v1/login/password\":true},\"Secret\":\"limes-cloud-client-prod\",\"Expire\":\"2h\",\"Renewal\":\"600s\"}'),
                                                                                                      (9, 1712995716, 1728067848, 3, 3, '{\"Expire\":\"2h\",\"Renewal\":\"600s\",\"Whitelist\":{\"POST:/application/client/v1/bind/email\":true,\"POST:/application/client/v1/bind/password\":true,\"POST:/application/client/v1/login/oauth\":true,\"POST:/application/client/v1/login/password\":true,\"POST:/application/client/v1/token/refresh\":true,\"GET:/application/client/v1/app\":true,\"POST:/application/client/v1/login/email\":true,\"POST:/application/client/v1/register/password\":true,\"*:/application/api/*\":true,\"POST:/application/client/v1/auth/captcha\":true,\"POST:/application/client/v1/register/email\":true},\"Secret\":\"limes-cloud-client-prod\"}'),
                                                                                                      (10, 1712995716, 1712995716, 1, 4, '{\"Host\":\"127.0.0.1\",\"Username\":\"\",\"Password\":\"\",\"Port\":6379}'),
                                                                                                      (11, 1712995716, 1712995716, 2, 4, '{\"Password\":\"\",\"Port\":6379,\"Host\":\"127.0.0.1\",\"Username\":\"\"}'),
                                                                                                      (12, 1712995716, 1712995716, 3, 4, '{\"Host\":\"127.0.0.1\",\"Username\":\"\",\"Password\":\"\",\"Port\":6379}'),
                                                                                                      (13, 1712995716, 1714884855, 1, 5, '{\"Username\":\"860808187@qq.com\",\"Company\":\"青岑云\",\"Password\":\"fyudafdzqmhwbfbd\",\"Host\":\"smtp.qq.com\",\"Port\":25}'),
                                                                                                      (14, 1712995716, 1714884855, 2, 5, '{\"Password\":\"xxx\",\"Host\":\"smtp.qq.com\",\"Port\":25,\"Username\":\"860808187@qq.com\",\"Company\":\"青岑云\"}'),
                                                                                                      (15, 1712995716, 1714884855, 3, 5, '{\"Username\":\"860808187@qq.com\",\"Company\":\"青岑云\",\"Password\":\"fyudafdzqmhwbfbd\",\"Host\":\"smtp.qq.com\",\"Port\":25}'),
                                                                                                      (16, 1712995716, 1712995716, 1, 6, '{\"Host\":\"127.0.0.1\",\"HttpPort\":7080,\"Timeout\":\"10s\"}'),
                                                                                                      (17, 1712995716, 1712995716, 2, 6, '{\"Host\":\"127.0.0.1\",\"HttpPort\":7080,\"Timeout\":\"10s\"}'),
                                                                                                      (18, 1712995716, 1712995716, 3, 6, '{\"Host\":\"127.0.0.1\",\"HttpPort\":7080,\"Timeout\":\"10s\"}'),
                                                                                                      (19, 1712995716, 1719462382, 1, 7, '{\"Host\":\"127.0.0.1\",\"HttpPort\":7010,\"GrpcPort\":8010,\"Timeout\":\"10s\"}'),
                                                                                                      (20, 1712995716, 1719462382, 2, 7, '{\"Timeout\":\"10s\",\"Host\":\"127.0.0.1\",\"HttpPort\":7010,\"GrpcPort\":8010}'),
                                                                                                      (21, 1712995716, 1719462382, 3, 7, '{\"Host\":\"127.0.0.1\",\"HttpPort\":7010,\"GrpcPort\":8010,\"Timeout\":\"10s\"}'),
                                                                                                      (22, 1712995716, 1720363944, 1, 8, '{\"Port\":\"3306\",\"Type\":\"mysql\",\"Database\":\"manager\",\"Option\":\"?charset=utf8mb4\\u0026parseTime=True\\u0026loc=Local\",\"Username\":\"root\",\"Password\":\"root\",\"Host\":\"127.0.0.1\"}'),
                                                                                                      (23, 1712995716, 1720363944, 2, 8, '{\"Username\":\"root\",\"Password\":\"root\",\"Host\":\"127.0.0.1\",\"Port\":\"3306\",\"Type\":\"mysql\",\"Database\":\"manager\",\"Option\":\"?charset=utf8mb4\\u0026parseTime=True\\u0026loc=Local\"}'),
                                                                                                      (24, 1712995716, 1720363944, 3, 8, '{\"Password\":\"L8hjTy5GMZmdHJX3\",\"Host\":\"127.0.0.1\",\"Port\":\"3306\",\"Type\":\"mysql\",\"Database\":\"manager\",\"Option\":\"?charset=utf8mb4\\u0026parseTime=True\\u0026loc=Local\",\"Username\":\"manager\"}'),
                                                                                                      (25, 1712995716, 1729189096, 1, 9, '{\"Timeout\":\"10s\",\"Host\":\"127.0.0.1\",\"HttpPort\":7020,\"GrpcPort\":8020}'),
                                                                                                      (26, 1712995716, 1729189096, 2, 9, '{\"GrpcPort\":8020,\"Timeout\":\"10s\",\"Host\":\"127.0.0.1\",\"HttpPort\":7020}'),
                                                                                                      (27, 1712995716, 1729189096, 3, 9, '{\"Timeout\":\"600s\",\"Host\":\"127.0.0.1\",\"HttpPort\":7020,\"GrpcPort\":8020}'),
                                                                                                      (28, 1712995716, 1720363971, 1, 10, '{\"Host\":\"127.0.0.1\",\"Port\":\"3306\",\"Type\":\"mysql\",\"Database\":\"resource\",\"Option\":\"?charset=utf8mb4\\u0026parseTime=True\\u0026loc=Local\",\"Username\":\"root\",\"Password\":\"root\"}'),
                                                                                                      (29, 1712995716, 1720363971, 2, 10, '{\"Type\":\"mysql\",\"Database\":\"resource\",\"Option\":\"?charset=utf8mb4\\u0026parseTime=True\\u0026loc=Local\",\"Username\":\"root\",\"Password\":\"root\",\"Host\":\"127.0.0.1\",\"Port\":\"3306\"}'),
                                                                                                      (30, 1712995716, 1720363971, 3, 10, '{\"Password\":\"ct7AYfaM8kc8LWHi\",\"Host\":\"127.0.0.1\",\"Port\":\"3306\",\"Type\":\"mysql\",\"Database\":\"resource\",\"Option\":\"?charset=utf8mb4\\u0026parseTime=True\\u0026loc=Local\",\"Username\":\"resource\"}'),
                                                                                                      (31, 1712995716, 1719462436, 1, 11, '{\"Host\":\"127.0.0.1\",\"HttpPort\":7040,\"GrpcPort\":8040,\"Timeout\":\"10s\"}'),
                                                                                                      (32, 1712995716, 1719462436, 2, 11, '{\"GrpcPort\":8040,\"Timeout\":\"10s\",\"Host\":\"127.0.0.1\",\"HttpPort\":7040}'),
                                                                                                      (33, 1712995716, 1719462436, 3, 11, '{\"Timeout\":\"10s\",\"Host\":\"127.0.0.1\",\"HttpPort\":7040,\"GrpcPort\":8040}'),
                                                                                                      (34, 1712995716, 1720364767, 1, 12, '{\"Password\":\"root\",\"Host\":\"127.0.0.1\",\"Port\":\"3306\",\"Type\":\"mysql\",\"Database\":\"cron\",\"Option\":\"?charset=utf8mb4\\u0026parseTime=True\\u0026loc=Local\",\"Username\":\"root\"}'),
                                                                                                      (35, 1712995716, 1720364767, 2, 12, '{\"Option\":\"?charset=utf8mb4\\u0026parseTime=True\\u0026loc=Local\",\"Username\":\"root\",\"Password\":\"root\",\"Host\":\"127.0.0.1\",\"Port\":\"3306\",\"Type\":\"mysql\",\"Database\":\"cron\"}'),
                                                                                                      (36, 1712995716, 1720364767, 3, 12, '{\"Password\":\"4b7fTCenTjLH5PeL\",\"Host\":\"127.0.0.1\",\"Port\":\"3306\",\"Type\":\"mysql\",\"Database\":\"cron\",\"Option\":\"?charset=utf8mb4\\u0026parseTime=True\\u0026loc=Local\",\"Username\":\"cron\"}'),
                                                                                                      (37, 1712995716, 1712995716, 1, 13, '{\"Host\":\"127.0.0.1\",\"HttpPort\":6081,\"GrpcPort\":6082,\"Timeout\":\"10s\"}'),
                                                                                                      (38, 1712995716, 1712995716, 2, 13, '{\"Host\":\"127.0.0.1\",\"HttpPort\":6081,\"GrpcPort\":6082,\"Timeout\":\"10s\"}'),
                                                                                                      (39, 1712995716, 1712995716, 3, 13, '{\"GrpcPort\":6082,\"Timeout\":\"10s\",\"Host\":\"127.0.0.1\",\"HttpPort\":6081}'),
                                                                                                      (40, 1712995716, 1719462419, 1, 14, '{\"Timeout\":\"10s\",\"Host\":\"127.0.0.1\",\"HttpPort\":7030,\"GrpcPort\":8030}'),
                                                                                                      (41, 1712995716, 1719462419, 2, 14, '{\"Host\":\"127.0.0.1\",\"HttpPort\":7030,\"GrpcPort\":8030,\"Timeout\":\"10s\"}'),
                                                                                                      (42, 1712995716, 1719462419, 3, 14, '{\"Timeout\":\"10s\",\"Host\":\"127.0.0.1\",\"HttpPort\":7030,\"GrpcPort\":8030}'),
                                                                                                      (43, 1712995716, 1720364038, 1, 15, '{\"Port\":\"3306\",\"Type\":\"mysql\",\"Database\":\"usercenter\",\"Option\":\"?charset=utf8mb4\\u0026parseTime=True\\u0026loc=Local\",\"Username\":\"root\",\"Password\":\"root\",\"Host\":\"127.0.0.1\"}'),
                                                                                                      (44, 1712995716, 1720364038, 2, 15, '{\"Port\":\"3306\",\"Type\":\"mysql\",\"Database\":\"usercenter\",\"Option\":\"?charset=utf8mb4\\u0026parseTime=True\\u0026loc=Local\",\"Username\":\"root\",\"Password\":\"root\",\"Host\":\"127.0.0.1\"}'),
                                                                                                      (45, 1712995716, 1720364038, 3, 15, '{\"Database\":\"usercenter\",\"Option\":\"?charset=utf8mb4\\u0026parseTime=True\\u0026loc=Local\",\"Username\":\"usercenter\",\"Password\":\"eZEhkfYZRKRY5kYk\",\"Host\":\"127.0.0.1\",\"Port\":\"3306\",\"Type\":\"mysql\"}'),
                                                                                                      (46, 1712995716, 1712995716, 1, 16, '{\"GrpcPort\":8100,\"Timeout\":\"10s\",\"Host\":\"127.0.0.1\",\"HttpPort\":7100}'),
                                                                                                      (47, 1712995716, 1712995716, 2, 16, '{\"Host\":\"127.0.0.1\",\"HttpPort\":7100,\"GrpcPort\":8100,\"Timeout\":\"10s\"}'),
                                                                                                      (48, 1712995716, 1712995716, 3, 16, '{\"HttpPort\":7100,\"GrpcPort\":8100,\"Timeout\":\"10s\",\"Host\":\"127.0.0.1\"}'),
                                                                                                      (49, 1712995716, 1720364104, 1, 17, '{\"Type\":\"mysql\",\"Database\":\"party_affairs\",\"Option\":\"?charset=utf8mb4\\u0026parseTime=True\\u0026loc=Local\",\"Username\":\"root\",\"Password\":\"root\",\"Host\":\"127.0.0.1\",\"Port\":\"3306\"}'),
                                                                                                      (50, 1712995716, 1720364104, 2, 17, '{\"Type\":\"mysql\",\"Database\":\"party_affairs\",\"Option\":\"?charset=utf8mb4\\u0026parseTime=True\\u0026loc=Local\",\"Username\":\"root\",\"Password\":\"root\",\"Host\":\"127.0.0.1\",\"Port\":\"3306\"}'),
                                                                                                      (51, 1712995716, 1720364104, 3, 17, '{\"Type\":\"mysql\",\"Database\":\"party_affairs\",\"Option\":\"?charset=utf8mb4\\u0026parseTime=True\\u0026loc=Local\",\"Username\":\"party_affairs\",\"Password\":\"2pH7MTcaRD3YZWWt\",\"Host\":\"127.0.0.1\",\"Port\":\"3306\"}'),
                                                                                                      (122, 1723029335, 1723029335, 1, 19, '{\"Username\":\"root\",\"Password\":\"root\",\"Host\":\"127.0.0.1\",\"Port\":\"3306\",\"Type\":\"mysql\",\"Database\":\"poverty\",\"Option\":\"?charset=utf8mb4\\u0026parseTime=True\\u0026loc=Local\"}'),
                                                                                                      (123, 1723029335, 1723029335, 2, 19, '{\"Type\":\"mysql\",\"Database\":\"poverty\",\"Option\":\"?charset=utf8mb4\\u0026parseTime=True\\u0026loc=Local\",\"Username\":\"root\",\"Password\":\"root\",\"Host\":\"127.0.0.1\",\"Port\":\"3306\"}'),
                                                                                                      (124, 1723029335, 1723029335, 3, 19, '{\"Port\":\"3306\",\"Type\":\"mysql\",\"Database\":\"poverty\",\"Option\":\"?charset=utf8mb4\\u0026parseTime=True\\u0026loc=Local\",\"Username\":\"poverty\",\"Password\":\"i22MzdthBnF5N2S3\",\"Host\":\"127.0.0.1\"}'),
                                                                                                      (125, 1723029352, 1723029352, 1, 20, '{\"Timeout\":\"10s\",\"Host\":\"127.0.0.1\",\"Port\":7120}'),
                                                                                                      (126, 1723029352, 1723029352, 2, 20, '{\"Port\":7120,\"Timeout\":\"10s\",\"Host\":\"127.0.0.1\"}'),
                                                                                                      (127, 1723029352, 1723029352, 3, 20, '{\"Timeout\":\"10s\",\"Host\":\"127.0.0.1\",\"Port\":7120}');

-- --------------------------------------------------------

--
-- 表的结构 `server`
--

CREATE TABLE `server` (
                          `id` int(10) UNSIGNED NOT NULL COMMENT '主键ID',
                          `created_at` bigint(20) DEFAULT NULL COMMENT '创建时间',
                          `updated_at` bigint(20) DEFAULT NULL COMMENT '修改时间',
                          `keyword` char(32) CHARACTER SET utf8mb4 COLLATE utf8mb4_bin NOT NULL COMMENT '服务标识',
                          `name` varchar(64) NOT NULL COMMENT '服务名称',
                          `description` varchar(128) NOT NULL COMMENT '服务描述',
                          `status` tinyint(1) DEFAULT '0'
) ENGINE=InnoDB DEFAULT CHARSET=utf8mb4 COMMENT='服务信息';

--
-- 转存表中的数据 `server`
--

INSERT INTO `server` (`id`, `created_at`, `updated_at`, `keyword`, `name`, `description`, `status`) VALUES
                                                                                                        (1, 1712995716, 1719246376, 'Gateway', '通用网关', '主要负责前端到后端的转发', 1),
                                                                                                        (2, 1712995716, 1719283435, 'Manager', '管理中心', '主要负责系统的基础管理', 1),
                                                                                                        (3, 1712995716, 1719283436, 'Resource', '资源中心', '主要负责静态资源的管理', 1),
                                                                                                        (4, 1712995716, 1719634247, 'Cron', '定时任务', '主要负责定时任务的管理', 1),
                                                                                                        (5, 1712995716, 1728064298, 'Application', '应用中心', '主要负责业务应用的管理', 1),
                                                                                                        (6, 1712995716, 1720283126, 'PartyAffairs', '信号灯系统', '指尖上的党务系统', 1),
                                                                                                        (9, 1723027582, 1723027584, 'Poverty', '资助系统', '资助系统', 1);

-- --------------------------------------------------------

--
-- 表的结构 `template`
--

CREATE TABLE `template` (
                            `id` int(10) UNSIGNED NOT NULL COMMENT '主键ID',
                            `created_at` bigint(20) DEFAULT NULL COMMENT '创建时间',
                            `updated_at` bigint(20) DEFAULT NULL COMMENT '修改时间',
                            `server_id` int(10) UNSIGNED NOT NULL COMMENT '模板id',
                            `content` text NOT NULL COMMENT '模板内容',
                            `version` varchar(32) NOT NULL COMMENT '模板版本',
                            `is_use` tinyint(1) DEFAULT '0' COMMENT '是否使用',
                            `format` varchar(32) NOT NULL COMMENT '模板格式',
                            `description` varchar(128) NOT NULL COMMENT '模板描述',
                            `compare` text NOT NULL COMMENT '变更详情'
) ENGINE=InnoDB DEFAULT CHARSET=utf8mb4 COMMENT='配置模板';

--
-- 转存表中的数据 `template`
--

INSERT INTO `template` (`id`, `created_at`, `updated_at`, `server_id`, `content`, `version`, `is_use`, `format`, `description`, `compare`) VALUES
                                                                                                                                               (1, 1712995716, 1728064733, 1, '\ndebug: true\naddr: 0.0.0.0:${GatewayServer.HttpPort}\nname: gateway\nversion: v1\nmiddlewares:\n  - name: bbr\n  - name: cors\n    options:\n      allowCredentials: true\n      allowOrigins:\n        - \'*\'\n      allowMethods:\n        - GET\n        - POST\n        - PUT\n        - DELETE\n        - OPTIONS\n      AllowHeaders:\n        - Content-Type\n        - Content-Length\n        - Authorization\n      ExposeHeaders:\n        - Content-Length\n        - Access-Control-Allow-Headers\n  - name: tracing\n  - name: logging\n  - name: transcoder\nendpoints:\n  - path: /manager/v1/*\n    timeout: ${ManagerServer.Timeout}\n    protocol: HTTP\n    responseFormat: true\n    backends:\n      - target: ${ManagerServer.Host}:${ManagerServer.HttpPort}\n  - path: /manager/client/*\n    timeout: ${ManagerServer.Timeout}\n    protocol: HTTP\n    responseFormat: true\n    backends:\n      - target: ${ManagerServer.Host}:${ManagerServer.HttpPort}\n    middlewares:\n      - name: auth\n        options:\n          url: http://localhost:${GatewayServer.HttpPort}/user-center/client/token/parse\n          method: POST\n  - path: /configure/*\n    timeout: ${ConfigureServer.Timeout}\n    protocol: HTTP\n    responseFormat: true\n    backends:\n      - target: ${ConfigureServer.Host}:${ConfigureServer.HttpPort}\n    middlewares:\n      - name: auth\n        options:\n          url: http://localhost:${GatewayServer.HttpPort}/manager/v1/auth\n          method: POST\n  - path: /resource/v1/*\n    timeout: ${ResourceServer.Timeout}\n    protocol: HTTP\n    responseFormat: true\n    backends:\n      - target: ${ResourceServer.Host}:${ResourceServer.HttpPort}\n    middlewares:\n      - name: auth\n        options:\n          url: http://localhost:${GatewayServer.HttpPort}/manager/v1/auth\n          method: POST\n          whiteList:\n            - path: /resource/v1/static/*\n              method: GET\n  - path: /cron/v1/*\n    timeout: ${CronServer.Timeout}\n    protocol: HTTP\n    responseFormat: true\n    backends:\n      - target: ${CronServer.Host}:${CronServer.HttpPort}\n    middlewares:\n      - name: auth\n        options:\n          url: http://localhost:${GatewayServer.HttpPort}/manager/v1/auth\n          method: POST\n  - path: /resource/client/*\n    timeout: ${ResourceServer.Timeout}\n    protocol: HTTP\n    responseFormat: true\n    backends:\n      - target: ${ResourceServer.Host}:${ResourceServer.HttpPort}\n    middlewares:\n      - name: auth\n        options:\n          url: http://localhost:${GatewayServer.HttpPort}/user-center/client/token/parse\n          method: POST\n  - path: /user-center/v1/*\n    timeout: ${UserCenterServer.Timeout}\n    protocol: HTTP\n    responseFormat: true\n    backends:\n      - target: ${UserCenterServer.Host}:${UserCenterServer.HttpPort}\n    middlewares:\n      - name: auth\n        options:\n          url: http://localhost:${GatewayServer.HttpPort}/manager/v1/auth\n          method: POST\n  - path: /user-center/client/*\n    timeout: ${UserCenterServer.Timeout}\n    protocol: HTTP\n    responseFormat: true\n    backends:\n      - target: ${UserCenterServer.Host}:${UserCenterServer.HttpPort}\n  - path: /party-affairs/v1/*\n    timeout: ${PartyAffairsServer.Timeout}\n    protocol: HTTP\n    responseFormat: true\n    backends:\n      - target: ${PartyAffairsServer.Host}:${PartyAffairsServer.HttpPort}\n    middlewares:\n      - name: auth\n        options:\n          url: http://localhost:${GatewayServer.HttpPort}/manager/v1/auth\n          method: POST\n  - path: /party-affairs/client/*\n    timeout: ${PartyAffairsServer.Timeout}\n    protocol: HTTP\n    responseFormat: true\n    backends:\n      - target: ${PartyAffairsServer.Host}:${PartyAffairsServer.HttpPort}\n    middlewares:\n      - name: auth\n        options:\n          url: http://localhost:${GatewayServer.HttpPort}/user-center/client/token/parse\n          method: POST\n', '54E50FB3522C', 0, 'yaml', '初始化模板', ''),
                                                                                                                                               (2, 1712995716, 1719473730, 2, '\nenv: ${Env.Keyword}\nserver:\n  http:\n    host: ${ManagerServer.Host}\n    port: ${ManagerServer.HttpPort}\n    timeout: ${ManagerServer.Timeout}\n    marshal:\n      emitUnpopulated: true\n      useProtoNames: true\n  grpc:\n    host: ${ManagerServer.Host}\n    port: ${ManagerServer.GrpcPort}\n    timeout: ${ManagerServer.Timeout}\nlog:\n  level: 0\n  output:\n    - stdout\n    - file\n  file:\n    name: ./tmp/runtime/output.log\n    maxSize: 1\n    maxBackup: 5\n    maxAge: 1\n    compress: false\ndatabase:\n  system:\n    enable: true #是否启用数据库\n    drive: ${ManagerDatabase.Type} #数据库类型\n    autoCreate: true #是否自动创建数据库\n    connect:\n      username: ${ManagerDatabase.Username}\n      password: ${ManagerDatabase.Password}\n      host: ${ManagerDatabase.Host}\n      port: ${ManagerDatabase.Port}\n      dbName: ${ManagerDatabase.Database}\n      option: ${ManagerDatabase.Option}\n    config:\n      transformError:\n        enable: true\n      initializer:\n        enable: true\n        path: deploy/data.sql\n      maxLifetime: 2h #最大生存时间\n      maxOpenConn: 20 #最大连接数量\n      maxIdleConn: 10 #最大空闲数量\n      logLevel: 4 #日志等级\n      slowThreshold: 2s #慢sql阈值\nredis:\n  cache:\n    enable: true\n    host: ${Redis.Host}:${Redis.Port}\n    username: ${Redis.Username}\n    password: ${Redis.Password}\ncaptcha:\n  login:\n    type: image\n    length: 6\n    expire: 180s\n    redis: cache\n    height: 80\n    width: 240\n    skew: 0.7\n    refresh: true\n    dotCount: 80\n  changePassword:\n    type: email\n    length: 6\n    expire: 180s\n    redis: cache\n    template: captcha\nloader:\n  login: ${LoginPrivatePath}\nemail:\n  template:\n    captcha:\n      subject: 验证码发送通知\n      path: static/template/email/default.html\n      from: 青岑云科技\n      type: text/html\n  user: ${Email.Username}\n  name: ${Email.Company}\n  host: ${Email.Host}\n  port: ${Email.Port}\n  password: ${Email.Password}\njwt:\n  redis: cache\n  secret: ${AdminJwt.Secret}\n  expire: ${AdminJwt.Expire}\n  renewal: ${AdminJwt.Renewal}\n  whitelist: ${AdminJwt.Whitelist}\nauthentication:\n  db: system\n  redis: cache\n  roleKey: role_keyword\n  skipRole: ${AuthSkipRoles}\nbusiness:\n  defaultUserPassword: ${DefaultUserPassword}\n  setting: ${Setting}\n', '15768C4C6F57', 0, 'yaml', '初始化模板', ''),
                                                                                                                                               (3, 1712995716, 1728072395, 3, '\nenv: ${Env.Keyword}\nserver:\n  http:\n    host: ${ResourceServer.Host}\n    port: ${ResourceServer.HttpPort}\n    timeout: ${ResourceServer.Timeout}\n    marshal:\n      emitUnpopulated: true\n      useProtoNames: true\n  grpc:\n    host: ${ResourceServer.Host}\n    port: ${ResourceServer.GrpcPort}\n    timeout: ${ResourceServer.Timeout}\nlog:\n  level: 0\n  output:\n    - stdout\n    - file\n  file:\n    name: ./tmp/runtime/output.log\n    maxSize: 1\n    maxBackup: 5\n    maxAge: 1\n    compress: false\ndatabase:\n  system:\n    enable: true #是否启用数据库\n    drive: ${ResourceDatabase.Type} #数据库类型\n    autoCreate: true #是否自动创建数据库\n    connect:\n      username: ${ResourceDatabase.Username}\n      password: ${ResourceDatabase.Password}\n      host: ${ResourceDatabase.Host}\n      port: ${ResourceDatabase.Port}\n      dbName: ${ResourceDatabase.Database}\n      option: ${ResourceDatabase.Option}\n    config:\n      transformError:\n        enable: true\n      initializer:\n        enable: true\n        path: deploy/data.sql\n      maxLifetime: 2h #最大生存时间\n      maxOpenConn: 20 #最大连接数量\n      maxIdleConn: 10 #最大空闲数量\n      logLevel: 3 #日志等级\n      slowThreshold: 2s #慢sql阈值\nfile:\n  storage: local\n  serverPath: /resource/v1/static\n  localDir: static\n  maxSingularSize: ${MaxSingularSize}\n  maxChunkSize: ${MaxChunkSize}\n  maxChunkCount: ${MaxChunkCount}\n  acceptTypes: ${AcceptTypes}\n\n', '56945B81FA4D', 0, 'yaml', '初始化模板', ''),
                                                                                                                                               (4, 1712995716, 1719719677, 4, '\nenv: ${Env.Keyword}\nserver:\n  http:\n    host: ${CronServer.Host}\n    port: ${CronServer.HttpPort}\n    timeout: ${CronServer.Timeout}\n    marshal:\n      emitUnpopulated: true\n      useProtoNames: true\n  grpc:\n    host: ${CronServer.Host}\n    port: ${CronServer.GrpcPort}\n    timeout: ${CronServer.Timeout}\nlog:\n  level: 0\n  output:\n    - stdout\n    - file\n  file:\n    name: ./tmp/runtime/output.log\n    maxSize: 1\n    maxBackup: 5\n    maxAge: 1\n    compress: false\ndatabase:\n  system:\n    enable: true #是否启用数据库\n    drive: ${CronDatabase.Type} #数据库类型\n    autoCreate: true #是否自动创建数据库\n    connect:\n      username: ${CronDatabase.Username}\n      password: ${CronDatabase.Password}\n      host: ${CronDatabase.Host}\n      port: ${CronDatabase.Port}\n      dbName: ${CronDatabase.Database}\n      option: ${CronDatabase.Option}\n    config:\n      transformError:\n        enable: true\n      initializer:\n        enable: true\n        path: deploy/data.sql\n      maxLifetime: 2h #最大生存时间\n      maxOpenConn: 20 #最大连接数量\n      maxIdleConn: 10 #最大空闲数量\n      logLevel: 3 #日志等级\n      slowThreshold: 2s #慢sql阈值\npool: #并非池配置\n  size: 10000 #最大协程数量\n  expiryDuration: 30s #过期时间\n  preAlloc: true #是否预分配\n  maxBlockingTasks: 1000 #最大的并发任务\n  nonblocking: true #设置为true时maxBlockingTasks将失效，不限制并发任务\nbusiness:\n  key: value\n', 'F2893009A192', 0, 'yaml', '初始化模板', ''),
                                                                                                                                               (5, 1712995716, 1728064794, 5, '\nenv: ${Env.Keyword}\nserver:\n  http:\n    host: ${UserCenterServer.Host}\n    port: ${UserCenterServer.HttpPort}\n    timeout: ${UserCenterServer.Timeout}\n    marshal:\n      emitUnpopulated: true\n      useProtoNames: true\n  grpc:\n    host: ${UserCenterServer.Host}\n    port: ${UserCenterServer.GrpcPort}\n    timeout: ${UserCenterServer.Timeout}\nclient:\n  - server: Resource\n    type: direct\n    backends:\n      - target: ${ResourceServer.Host}:${ResourceServer.GrpcPort}\nlog:\n  level: 0\n  output:\n    - stdout\n    - file\n  file:\n    name: ./tmp/runtime/output.log\n    maxSize: 1\n    maxBackup: 5\n    maxAge: 1\n    compress: false\ndatabase:\n  system:\n    enable: true #是否启用数据库\n    drive: ${UserCenterDatabase.Type} #数据库类型\n    autoCreate: true #是否自动创建数据库\n    connect:\n      username: ${UserCenterDatabase.Username}\n      password: ${UserCenterDatabase.Password}\n      host: ${UserCenterDatabase.Host}\n      port: ${UserCenterDatabase.Port}\n      dbName: ${UserCenterDatabase.Database}\n      option: ${UserCenterDatabase.Option}\n    config:\n      transformError:\n        enable: true\n      initializer:\n        enable: true\n        path: deploy/data.sql\n      maxLifetime: 2h #最大生存时间\n      maxOpenConn: 20 #最大连接数量\n      maxIdleConn: 10 #最大空闲数量\n      logLevel: 4 #日志等级\n      slowThreshold: 2s #慢sql阈值\nredis:\n  cache:\n    enable: true\n    host: ${Redis.Host}:${Redis.Port}\n    username: ${Redis.Username}\n    password: ${Redis.Password}\ncaptcha:\n  loginImage:\n    type: image\n    length: 6\n    expire: 180s\n    redis: cache\n    height: 80\n    width: 200\n    skew: 0.7\n    dotCount: 80\n    refresh: true\n  bindImage:\n    type: image\n    length: 6\n    expire: 180s\n    redis: cache\n    height: 80\n    width: 200\n    skew: 0.7\n    dotCount: 80\n    refresh: true\n  registerImage:\n    type: image\n    length: 6\n    expire: 180s\n    redis: cache\n    height: 80\n    width: 200\n    skew: 0.7\n    dotCount: 80\n    refresh: true\n  loginEmail:\n    type: email\n    length: 6\n    expire: 180s\n    redis: cache\n    template: login\n  bindEmail:\n    type: email\n    length: 6\n    expire: 180s\n    redis: cache\n    template: bind\n  registerEmail:\n    type: email\n    length: 6\n    expire: 180s\n    redis: cache\n    template: register\nloader:\n  password: static/cert/password.pem\nemail:\n  template:\n    login:\n      subject: 登录验证码发送通知\n      path: static/template/email/default.html\n      type: text/html\n    bind:\n      subject: 绑定验证码发送通知\n      path: static/template/email/default.html\n      type: text/html\n    register:\n      subject: 注册验证码发送通知\n      path: static/template/email/default.html\n      type: text/html\n  user: ${Email.Username}\n  name: ${Email.Company}\n  host: ${Email.Host}\n  port: ${Email.Port}\n  password: ${Email.Password}\njwt:\n  redis: cache\n  secret: ${ClientJwt.Secret}\n  expire: ${ClientJwt.Expire}\n  renewal: ${ClientJwt.Renewal}\n  whitelist: ${ClientJwt.Whitelist}\nbusiness:\n  service:\n    resource: ${ResourceServer.Host}:${ResourceServer.GrpcPort}\n', 'DE24124137B1', 0, 'yaml', '初始化模板', ''),
                                                                                                                                               (6, 1712995716, 1728071372, 6, '\nenv: ${Env.Keyword}\nserver:\n  http:\n    host: ${PartyAffairsServer.Host}\n    port: ${PartyAffairsServer.HttpPort}\n    timeout: ${PartyAffairsServer.Timeout}\n    marshal:\n      emitUnpopulated: true\n      useProtoNames: true\n  grpc:\n    host: ${PartyAffairsServer.Host}\n    port: ${PartyAffairsServer.GrpcPort}\n    timeout: ${PartyAffairsServer.Timeout}\nclient:\n  - server: Resource\n    type: direct\n    backends:\n      - target: ${ResourceServer.Host}:${ResourceServer.GrpcPort}\n  - server: UserCenter\n    type: direct\n    backends:\n      - target: ${UserCenterServer.Host}:${UserCenterServer.GrpcPort}\nlog:\n  level: 0\n  output:\n    - stdout\n    - file\n  file:\n    name: ./tmp/runtime/output.log\n    maxSize: 1\n    maxBackup: 5\n    maxAge: 1\n    compress: false\ndatabase:\n  system:\n    enable: true #是否启用数据库\n    drive: ${PartyAffairsDatabase.Type} #数据库类型\n    autoCreate: true #是否自动创建数据库\n    connect:\n      username: ${PartyAffairsDatabase.Username}\n      password: ${PartyAffairsDatabase.Password}\n      host: ${PartyAffairsDatabase.Host}\n      port: ${PartyAffairsDatabase.Port}\n      dbName: ${PartyAffairsDatabase.Database}\n      option: ${PartyAffairsDatabase.Option}\n    config:\n      transformError:\n        enable: true\n      initializer:\n        enable: true\n        path: deploy/data.sql\n      maxLifetime: 2h #最大生存时间\n      maxOpenConn: 20 #最大连接数量\n      maxIdleConn: 10 #最大空闲数量\n      logLevel: 4 #日志等级\n      slowThreshold: 2s #慢sql阈值\nbusiness:\n  auth:\n    yiBan:\n      appId: e4750b34230b48e1\n      appSecret: b0891a7f6018e5a76b085e3cb9548edd\n', 'D825BF2B6742', 0, 'yaml', '初始化模板', ''),
                                                                                                                                               (7, 1713011130, 1719473730, 2, '\nenv: ${Env.Keyword}\nserver:\n  http:\n    host: ${ManagerServer.Host}\n    port: ${ManagerServer.HttpPort}\n    timeout: ${ManagerServer.Timeout}\n    marshal:\n      emitUnpopulated: true\n      useProtoNames: true\n  grpc:\n    host: ${ManagerServer.Host}\n    port: ${ManagerServer.GrpcPort}\n    timeout: ${ManagerServer.Timeout}\nlog:\n  level: 0\n  output:\n    - stdout\n    - file\n  file:\n    name: ./tmp/runtime/output.log\n    maxSize: 1\n    maxBackup: 5\n    maxAge: 1\n    compress: false\ndatabase:\n  system:\n    enable: true #是否启用数据库\n    drive: ${ManagerDatabase.Type} #数据库类型\n    autoCreate: true #是否自动创建数据库\n    connect:\n      username: ${ManagerDatabase.Username}\n      password: ${ManagerDatabase.Password}\n      host: ${ManagerDatabase.Host}\n      port: ${ManagerDatabase.Port}\n      dbName: ${ManagerDatabase.Database}\n      option: ${ManagerDatabase.Option}\n    config:\n      transformError:\n        enable: true\n      initializer:\n        enable: false\n        path: deploy/data.sql\n      maxLifetime: 2h #最大生存时间\n      maxOpenConn: 20 #最大连接数量\n      maxIdleConn: 10 #最大空闲数量\n      logLevel: 4 #日志等级\n      slowThreshold: 2s #慢sql阈值\nredis:\n  cache:\n    enable: true\n    host: ${Redis.Host}:${Redis.Port}\n    username: ${Redis.Username}\n    password: ${Redis.Password}\ncaptcha:\n  login:\n    type: image\n    length: 6\n    expire: 180s\n    redis: cache\n    height: 80\n    width: 240\n    skew: 0.7\n    refresh: true\n    dotCount: 80\n  changePassword:\n    type: email\n    length: 6\n    expire: 180s\n    redis: cache\n    template: captcha\nloader:\n  login: ${LoginPrivatePath}\nemail:\n  template:\n    captcha:\n      subject: 验证码发送通知\n      path: static/template/email/default.html\n      from: 青岑云科技\n      type: text/html\n  user: ${Email.Username}\n  name: ${Email.Company}\n  host: ${Email.Host}\n  port: ${Email.Port}\n  password: ${Email.Password}\njwt:\n  redis: cache\n  secret: ${AdminJwt.Secret}\n  expire: ${AdminJwt.Expire}\n  renewal: ${AdminJwt.Renewal}\n  whitelist: ${AdminJwt.Whitelist}\nauthentication:\n  db: system\n  redis: cache\n  roleKey: role_keyword\n  skipRole: ${AuthSkipRoles}\nbusiness:\n  defaultUserPassword: ${DefaultUserPassword}\n  setting: ${Setting}\n', '3ECF4F0622F7', 0, 'yaml', '1', ''),
                                                                                                                                               (8, 1714750273, 1728072395, 3, '\nenv: ${Env.Keyword}\nserver:\n  http:\n    host: ${ResourceServer.Host}\n    port: ${ResourceServer.HttpPort}\n    timeout: ${ResourceServer.Timeout}\n    marshal:\n      emitUnpopulated: true\n      useProtoNames: true\n  grpc:\n    host: ${ResourceServer.Host}\n    port: ${ResourceServer.GrpcPort}\n    timeout: ${ResourceServer.Timeout}\nlog:\n  level: 0\n  output:\n    - stdout\n    - file\n  file:\n    name: ./tmp/runtime/output.log\n    maxSize: 1\n    maxBackup: 5\n    maxAge: 1\n    compress: false\ndatabase:\n  system:\n    enable: true #是否启用数据库\n    drive: ${ResourceDatabase.Type} #数据库类型\n    autoCreate: true #是否自动创建数据库\n    connect:\n      username: ${ResourceDatabase.Username}\n      password: ${ResourceDatabase.Password}\n      host: ${ResourceDatabase.Host}\n      port: ${ResourceDatabase.Port}\n      dbName: ${ResourceDatabase.Database}\n      option: ${ResourceDatabase.Option}\n    config:\n      transformError:\n        enable: true\n      initializer:\n        enable: true\n        path: deploy/data.sql\n      maxLifetime: 2h #最大生存时间\n      maxOpenConn: 20 #最大连接数量\n      maxIdleConn: 10 #最大空闲数量\n      logLevel: 3 #日志等级\n      slowThreshold: 2s #慢sql阈值\nbusiness:\n  storage:\n    type: local\n    serverPath: /resource/v1/static\n    localDir: static\n    maxSingularSize: ${MaxSingularSize}\n    maxChunkSize: ${MaxChunkSize}\n    maxChunkCount: ${MaxChunkCount}\n    acceptTypes: ${AcceptTypes}\n  export:\n    localDir: static/export\n    expire: 72h\n', '3942130C8BEE', 0, 'yaml', '初始化模板', ''),
                                                                                                                                               (10, 1719379877, 1719473730, 2, 'test: 11\nenv: ${Env.Keyword}\nserver:\n  http:\n    host: ${ManagerServer.Host}\n    port: ${ManagerServer.HttpPort}\n    timeout: ${ManagerServer.Timeout}\n    marshal:\n      emitUnpopulated: true\n      useProtoNames: true\n  grpc:\n    host: ${ManagerServer.Host}\n    port: ${ManagerServer.GrpcPort}\n    timeout: ${ManagerServer.Timeout}\nlog:\n  level: 0\n  output:\n    - stdout\n    - file\n  file:\n    name: ./tmp/runtime/output.log\n    maxSize: 1\n    maxBackup: 5\n    maxAge: 1\n    compress: false\ndatabase:\n  system:\n    enable: true #是否启用数据库\n    drive: ${ManagerDatabase.Type} #数据库类型\n    autoCreate: true #是否自动创建数据库\n    connect:\n      username: ${ManagerDatabase.Username}\n      password: ${ManagerDatabase.Password}\n      host: ${ManagerDatabase.Host}\n      port: ${ManagerDatabase.Port}\n      dbName: ${ManagerDatabase.Database}\n      option: ${ManagerDatabase.Option}\n    config:\n      transformError:\n        enable: true\n      initializer:\n        enable: false\n        path: deploy/data.sql\n      maxLifetime: 2h #最大生存时间\n      maxOpenConn: 20 #最大连接数量\n      maxIdleConn: 10 #最大空闲数量\n      logLevel: 4 #日志等级\n      slowThreshold: 2s #慢sql阈值\nredis:\n  cache:\n    enable: true\n    host: ${Redis.Host}:${Redis.Port}\n    username: ${Redis.Username}\n    password: ${Redis.Password}\ncaptcha:\n  login:\n    type: image\n    length: 6\n    expire: 180s\n    redis: cache\n    height: 80\n    width: 240\n    skew: 0.7\n    refresh: true\n    dotCount: 80\n  changePassword:\n    type: email\n    length: 6\n    expire: 180s\n    redis: cache\n    template: captcha\nloader:\n  login: ${LoginPrivatePath}\nemail:\n  template:\n    captcha:\n      subject: 验证码发送通知\n      path: static/template/email/default.html\n      from: 青岑云科技\n      type: text/html\n  user: ${Email.Username}\n  name: ${Email.Company}\n  host: ${Email.Host}\n  port: ${Email.Port}\n  password: ${Email.Password}\njwt:\n  redis: cache\n  secret: ${AdminJwt.Secret}\n  expire: ${AdminJwt.Expire}\n  renewal: ${AdminJwt.Renewal}\n  whitelist: ${AdminJwt.Whitelist}\nauthentication:\n  db: system\n  redis: cache\n  roleKey: role_keyword\n  skipRole: ${AuthSkipRoles}\nbusiness:\n  defaultUserPassword: ${DefaultUserPassword}\n  setting: ${Setting}\n', 'A8A826623534726F8ED1F0AC6ACDFB8B', 0, 'yaml', '1', '[{\"type\":\"add\",\"key\":\"test\",\"old\":\"\",\"cur\":\"11\"}]'),
                                                                                                                                               (11, 1719462171, 1728064733, 1, 'addr: 0.0.0.0:${GatewayServer.HttpPort}\nname: gateway\nversion: v1\nmiddlewares:\n  - name: bbr\n  - name: cors\n    options:\n      allowCredentials: true\n      allowOrigins:\n        - \'*\'\n      allowMethods:\n        - GET\n        - POST\n        - PUT\n        - DELETE\n        - OPTIONS\n      AllowHeaders:\n        - Content-Type\n        - Content-Length\n        - Authorization\n      ExposeHeaders:\n        - Content-Length\n        - Access-Control-Allow-Headers\n  - name: tracing\n  - name: logging\n  - name: transcoder\nendpoints:\n  - path: /manager/api/*\n    timeout: ${ManagerServer.Timeout}\n    protocol: HTTP\n    responseFormat: true\n    backends:\n      - target: ${ManagerServer.Host}:${ManagerServer.HttpPort}\n  - path: /manager/client/*\n    timeout: ${ManagerServer.Timeout}\n    protocol: HTTP\n    responseFormat: true\n    backends:\n      - target: ${ManagerServer.Host}:${ManagerServer.HttpPort}\n    middlewares:\n      - name: auth\n        options:\n          url: http://localhost:${GatewayServer.HttpPort}/usercenter/client/v1/auth\n          method: POST\n  - path: /configure/api/*\n    timeout: ${ConfigureServer.Timeout}\n    protocol: HTTP\n    responseFormat: true\n    backends:\n      - target: ${ConfigureServer.Host}:${ConfigureServer.HttpPort}\n    middlewares:\n      - name: auth\n        options:\n          url: http://localhost:${GatewayServer.HttpPort}/manager/api/v1/auth\n          method: POST\n  - path: /resource/api/*\n    timeout: ${ResourceServer.Timeout}\n    protocol: HTTP\n    responseFormat: true\n    backends:\n      - target: ${ResourceServer.Host}:${ResourceServer.HttpPort}\n    middlewares:\n      - name: auth\n        options:\n          url: http://localhost:${GatewayServer.HttpPort}/manager/api/v1/auth\n          method: POST\n          whiteList:\n            - path: /resource/api/v1/static/*\n              method: GET\n  - path: /resource/client/*\n    timeout: ${ResourceServer.Timeout}\n    protocol: HTTP\n    responseFormat: true\n    backends:\n      - target: ${ResourceServer.Host}:${ResourceServer.HttpPort}\n    middlewares:\n      - name: auth\n        options:\n          url: http://localhost:${GatewayServer.HttpPort}/user-center/client/token/parse\n          method: POST\n  - path: /usercenter/api/*\n    timeout: ${UserCenterServer.Timeout}\n    protocol: HTTP\n    responseFormat: true\n    backends:\n      - target: ${UserCenterServer.Host}:${UserCenterServer.HttpPort}\n    middlewares:\n      - name: auth\n        options:\n          url: http://localhost:${GatewayServer.HttpPort}/manager/api/v1/auth\n          method: POST\n  - path: /usercenter/client/*\n    timeout: ${UserCenterServer.Timeout}\n    protocol: HTTP\n    responseFormat: true\n    backends:\n      - target: ${UserCenterServer.Host}:${UserCenterServer.HttpPort}\n  - path: /cron/api/*\n    timeout: ${CronServer.Timeout}\n    protocol: HTTP\n    responseFormat: true\n    backends:\n      - target: ${CronServer.Host}:${CronServer.HttpPort}\n    middlewares:\n      - name: auth\n        options:\n          url: http://localhost:${GatewayServer.HttpPort}/manager/api/v1/auth\n          method: POST\n  - path: /partyaffairs/api/*\n    timeout: ${PartyAffairsServer.Timeout}\n    protocol: HTTP\n    responseFormat: true\n    backends:\n      - target: ${PartyAffairsServer.Host}:${PartyAffairsServer.HttpPort}\n    middlewares:\n      - name: auth\n        options:\n          url: http://localhost:${GatewayServer.HttpPort}/manager/api/v1/auth\n          method: POST\n  - path: /partyaffairs/client/*\n    timeout: ${PartyAffairsServer.Timeout}\n    protocol: HTTP\n    responseFormat: true\n    backends:\n      - target: ${PartyAffairsServer.Host}:${PartyAffairsServer.HttpPort}\n    middlewares:\n      - name: auth\n        options:\n          url: http://localhost:${GatewayServer.HttpPort}/usercenter/api/v1/auth\n          method: POST', 'CE6DA7E554780B619C4C5E8EBD11E7FB', 0, 'yaml', '初始化模板', '[{\"type\":\"del\",\"key\":\"debug\",\"old\":\"true\",\"cur\":\"\"},{\"type\":\"update\",\"key\":\"endpoints\",\"old\":\"- backends:\\n    - target: ${ManagerServer.Host}:${ManagerServer.HttpPort}\\n  path: /manager/v1/*\\n  protocol: HTTP\\n  responseFormat: true\\n  timeout: ${ManagerServer.Timeout}\\n- backends:\\n    - target: ${ManagerServer.Host}:${ManagerServer.HttpPort}\\n  middlewares:\\n    - name: auth\\n      options:\\n        method: POST\\n        url: http://localhost:${GatewayServer.HttpPort}/user-center/client/token/parse\\n  path: /manager/client/*\\n  protocol: HTTP\\n  responseFormat: true\\n  timeout: ${ManagerServer.Timeout}\\n- backends:\\n    - target: ${ConfigureServer.Host}:${ConfigureServer.HttpPort}\\n  middlewares:\\n    - name: auth\\n      options:\\n        method: POST\\n        url: http://localhost:${GatewayServer.HttpPort}/manager/v1/auth\\n  path: /configure/*\\n  protocol: HTTP\\n  responseFormat: true\\n  timeout: ${ConfigureServer.Timeout}\\n- backends:\\n    - target: ${ResourceServer.Host}:${ResourceServer.HttpPort}\\n  middlewares:\\n    - name: auth\\n      options:\\n        method: POST\\n        url: http://localhost:${GatewayServer.HttpPort}/manager/v1/auth\\n        whiteList:\\n            - method: GET\\n              path: /resource/v1/static/*\\n  path: /resource/v1/*\\n  protocol: HTTP\\n  responseFormat: true\\n  timeout: ${ResourceServer.Timeout}\\n- backends:\\n    - target: ${CronServer.Host}:${CronServer.HttpPort}\\n  middlewares:\\n    - name: auth\\n      options:\\n        method: POST\\n        url: http://localhost:${GatewayServer.HttpPort}/manager/v1/auth\\n  path: /cron/v1/*\\n  protocol: HTTP\\n  responseFormat: true\\n  timeout: ${CronServer.Timeout}\\n- backends:\\n    - target: ${ResourceServer.Host}:${ResourceServer.HttpPort}\\n  middlewares:\\n    - name: auth\\n      options:\\n        method: POST\\n        url: http://localhost:${GatewayServer.HttpPort}/user-center/client/token/parse\\n  path: /resource/client/*\\n  protocol: HTTP\\n  responseFormat: true\\n  timeout: ${ResourceServer.Timeout}\\n- backends:\\n    - target: ${UserCenterServer.Host}:${UserCenterServer.HttpPort}\\n  middlewares:\\n    - name: auth\\n      options:\\n        method: POST\\n        url: http://localhost:${GatewayServer.HttpPort}/manager/v1/auth\\n  path: /user-center/v1/*\\n  protocol: HTTP\\n  responseFormat: true\\n  timeout: ${UserCenterServer.Timeout}\\n- backends:\\n    - target: ${UserCenterServer.Host}:${UserCenterServer.HttpPort}\\n  path: /user-center/client/*\\n  protocol: HTTP\\n  responseFormat: true\\n  timeout: ${UserCenterServer.Timeout}\\n- backends:\\n    - target: ${PartyAffairsServer.Host}:${PartyAffairsServer.HttpPort}\\n  middlewares:\\n    - name: auth\\n      options:\\n        method: POST\\n        url: http://localhost:${GatewayServer.HttpPort}/manager/v1/auth\\n  path: /party-affairs/v1/*\\n  protocol: HTTP\\n  responseFormat: true\\n  timeout: ${PartyAffairsServer.Timeout}\\n- backends:\\n    - target: ${PartyAffairsServer.Host}:${PartyAffairsServer.HttpPort}\\n  middlewares:\\n    - name: auth\\n      options:\\n        method: POST\\n        url: http://localhost:${GatewayServer.HttpPort}/user-center/client/token/parse\\n  path: /party-affairs/client/*\\n  protocol: HTTP\\n  responseFormat: true\\n  timeout: ${PartyAffairsServer.Timeout}\\n\",\"cur\":\"- backends:\\n    - target: ${ManagerServer.Host}:${ManagerServer.HttpPort}\\n  path: /manager/api/*\\n  protocol: HTTP\\n  responseFormat: true\\n  timeout: ${ManagerServer.Timeout}\\n- backends:\\n    - target: ${ManagerServer.Host}:${ManagerServer.HttpPort}\\n  middlewares:\\n    - name: auth\\n      options:\\n        method: POST\\n        url: http://localhost:${GatewayServer.HttpPort}/usercenter/client/v1/auth\\n  path: /manager/client/*\\n  protocol: HTTP\\n  responseFormat: true\\n  timeout: ${ManagerServer.Timeout}\\n- backends:\\n    - target: ${ConfigureServer.Host}:${ConfigureServer.HttpPort}\\n  middlewares:\\n    - name: auth\\n      options:\\n        method: POST\\n        url: http://localhost:${GatewayServer.HttpPort}/manager/api/v1/auth\\n  path: /configure/api/*\\n  protocol: HTTP\\n  responseFormat: true\\n  timeout: ${ConfigureServer.Timeout}\\n- backends:\\n    - target: ${ResourceServer.Host}:${ResourceServer.HttpPort}\\n  middlewares:\\n    - name: auth\\n      options:\\n        method: POST\\n        url: http://localhost:${GatewayServer.HttpPort}/manager/api/v1/auth\\n        whiteList:\\n            - method: GET\\n              path: /resource/api/v1/static/*\\n  path: /resource/api/*\\n  protocol: HTTP\\n  responseFormat: true\\n  timeout: ${ResourceServer.Timeout}\\n- backends:\\n    - target: ${ResourceServer.Host}:${ResourceServer.HttpPort}\\n  middlewares:\\n    - name: auth\\n      options:\\n        method: POST\\n        url: http://localhost:${GatewayServer.HttpPort}/user-center/client/token/parse\\n  path: /resource/client/*\\n  protocol: HTTP\\n  responseFormat: true\\n  timeout: ${ResourceServer.Timeout}\\n- backends:\\n    - target: ${UserCenterServer.Host}:${UserCenterServer.HttpPort}\\n  middlewares:\\n    - name: auth\\n      options:\\n        method: POST\\n        url: http://localhost:${GatewayServer.HttpPort}/manager/api/v1/auth\\n  path: /usercenter/api/*\\n  protocol: HTTP\\n  responseFormat: true\\n  timeout: ${UserCenterServer.Timeout}\\n- backends:\\n    - target: ${UserCenterServer.Host}:${UserCenterServer.HttpPort}\\n  path: /usercenter/client/*\\n  protocol: HTTP\\n  responseFormat: true\\n  timeout: ${UserCenterServer.Timeout}\\n- backends:\\n    - target: ${CronServer.Host}:${CronServer.HttpPort}\\n  middlewares:\\n    - name: auth\\n      options:\\n        method: POST\\n        url: http://localhost:${GatewayServer.HttpPort}/manager/api/v1/auth\\n  path: /cron/api/*\\n  protocol: HTTP\\n  responseFormat: true\\n  timeout: ${CronServer.Timeout}\\n- backends:\\n    - target: ${PartyAffairsServer.Host}:${PartyAffairsServer.HttpPort}\\n  middlewares:\\n    - name: auth\\n      options:\\n        method: POST\\n        url: http://localhost:${GatewayServer.HttpPort}/manager/api/v1/auth\\n  path: /partyaffairs/api/*\\n  protocol: HTTP\\n  responseFormat: true\\n  timeout: ${PartyAffairsServer.Timeout}\\n- backends:\\n    - target: ${PartyAffairsServer.Host}:${PartyAffairsServer.HttpPort}\\n  middlewares:\\n    - name: auth\\n      options:\\n        method: POST\\n        url: http://localhost:${GatewayServer.HttpPort}/usercenter/api/v1/auth\\n  path: /partyaffairs/client/*\\n  protocol: HTTP\\n  responseFormat: true\\n  timeout: ${PartyAffairsServer.Timeout}\\n\"}]'),
                                                                                                                                               (12, 1719463020, 1719473730, 2, 'test: 11\nenv: ${Env.Keyword}\nserver:\n  http:\n    host: ${ManagerServer.Host}\n    port: ${ManagerServer.HttpPort}\n    timeout: ${ManagerServer.Timeout}\n    marshal:\n      emitUnpopulated: true\n      useProtoNames: true\n  grpc:\n    host: ${ManagerServer.Host}\n    port: ${ManagerServer.GrpcPort}\n    timeout: ${ManagerServer.Timeout}\nlog:\n  level: 0\n  output:\n    - stdout\n    - file\n  file:\n    name: ./tmp/runtime/output.log\n    maxSize: 1\n    maxBackup: 5\n    maxAge: 1\n    compress: false\ndatabase:\n  system:\n    enable: true #是否启用数据库\n    drive: ${ManagerDatabase.Type} #数据库类型\n    autoCreate: true #是否自动创建数据库\n    connect:\n      username: ${ManagerDatabase.Username}\n      password: ${ManagerDatabase.Password}\n      host: ${ManagerDatabase.Host}\n      port: ${ManagerDatabase.Port}\n      dbName: ${ManagerDatabase.Database}\n      option: ${ManagerDatabase.Option}\n    config:\n      transformError:\n        enable: true\n      initializer:\n        enable: true\n        path: deploy/data.sql\n      maxLifetime: 2h #最大生存时间\n      maxOpenConn: 20 #最大连接数量\n      maxIdleConn: 10 #最大空闲数量\n      logLevel: 4 #日志等级\n      slowThreshold: 2s #慢sql阈值\nredis:\n  cache:\n    enable: true\n    host: ${Redis.Host}:${Redis.Port}\n    username: ${Redis.Username}\n    password: ${Redis.Password}\ncaptcha:\n  login:\n    type: image\n    length: 6\n    expire: 180s\n    redis: cache\n    height: 80\n    width: 240\n    skew: 0.7\n    refresh: true\n    dotCount: 80\n  changePassword:\n    type: email\n    length: 6\n    expire: 180s\n    redis: cache\n    template: captcha\nloader:\n  login: ${LoginPrivatePath}\nemail:\n  template:\n    captcha:\n      subject: 验证码发送通知\n      path: static/template/email/default.html\n      from: 统一应用管理中心\n      type: text/html\n  user: ${Email.Username}\n  name: ${Email.Company}\n  host: ${Email.Host}\n  port: ${Email.Port}\n  password: ${Email.Password}\njwt:\n  redis: cache\n  secret: ${AdminJwt.Secret}\n  expire: ${AdminJwt.Expire}\n  renewal: ${AdminJwt.Renewal}\n  whitelist: ${AdminJwt.Whitelist}\nauthentication:\n  db: system\n  redis: cache\n  roleKey: roleKeyword\n  skipRole: ${AuthSkipRoles}\nclient:\n  - server: Resource\n    type: direct\n    backends:\n      - target: ${ManagerServer.Host}:${ManagerServer.GrpcPort}\nbusiness:\n  changePasswordType: ${ChangePasswordType}\n  defaultUserPassword: ${DefaultUserPassword}\n  setting: ${Setting}\n', 'B0041A124D61345FF898A0019133ABF2', 0, 'yaml', '初始化模板', '[{\"type\":\"add\",\"key\":\"client\",\"old\":\"\",\"cur\":\"- backends:\\n    - target: ${ManagerServer.Host}:${ManagerServer.GrpcPort}\\n  server: Resource\\n  type: direct\\n\"},{\"type\":\"update\",\"key\":\"email\",\"old\":\"host: ${Email.Host}\\nname: ${Email.Company}\\npassword: ${Email.Password}\\nport: ${Email.Port}\\ntemplate:\\n    captcha:\\n        from: 青岑云科技\\n        path: static/template/email/default.html\\n        subject: 验证码发送通知\\n        type: text/html\\nuser: ${Email.Username}\\n\",\"cur\":\"host: ${Email.Host}\\nname: ${Email.Company}\\npassword: ${Email.Password}\\nport: ${Email.Port}\\ntemplate:\\n    captcha:\\n        from: 统一应用管理中心\\n        path: static/template/email/default.html\\n        subject: 验证码发送通知\\n        type: text/html\\nuser: ${Email.Username}\\n\"},{\"type\":\"update\",\"key\":\"authentication\",\"old\":\"db: system\\nredis: cache\\nroleKey: role_keyword\\nskipRole: ${AuthSkipRoles}\\n\",\"cur\":\"db: system\\nredis: cache\\nroleKey: roleKeyword\\nskipRole: ${AuthSkipRoles}\\n\"},{\"type\":\"update\",\"key\":\"database\",\"old\":\"system:\\n    autoCreate: true\\n    config:\\n        initializer:\\n            enable: false\\n            path: deploy/data.sql\\n        logLevel: 4\\n        maxIdleConn: 10\\n        maxLifetime: 2h\\n        maxOpenConn: 20\\n        slowThreshold: 2s\\n        transformError:\\n            enable: true\\n    connect:\\n        dbName: ${ManagerDatabase.Database}\\n        host: ${ManagerDatabase.Host}\\n        option: ${ManagerDatabase.Option}\\n        password: ${ManagerDatabase.Password}\\n        port: ${ManagerDatabase.Port}\\n        username: ${ManagerDatabase.Username}\\n    drive: ${ManagerDatabase.Type}\\n    enable: true\\n\",\"cur\":\"system:\\n    autoCreate: true\\n    config:\\n        initializer:\\n            enable: true\\n            path: deploy/data.sql\\n        logLevel: 4\\n        maxIdleConn: 10\\n        maxLifetime: 2h\\n        maxOpenConn: 20\\n        slowThreshold: 2s\\n        transformError:\\n            enable: true\\n    connect:\\n        dbName: ${ManagerDatabase.Database}\\n        host: ${ManagerDatabase.Host}\\n        option: ${ManagerDatabase.Option}\\n        password: ${ManagerDatabase.Password}\\n        port: ${ManagerDatabase.Port}\\n        username: ${ManagerDatabase.Username}\\n    drive: ${ManagerDatabase.Type}\\n    enable: true\\n\"},{\"type\":\"update\",\"key\":\"business\",\"old\":\"defaultUserPassword: ${DefaultUserPassword}\\nsetting: ${Setting}\\n\",\"cur\":\"changePasswordType: ${ChangePasswordType}\\ndefaultUserPassword: ${DefaultUserPassword}\\nsetting: ${Setting}\\n\"}]'),
                                                                                                                                               (13, 1719464064, 1719473730, 2, 'test: 11\nenv: ${Env.Keyword}\nserver:\n  http:\n    host: ${ManagerServer.Host}\n    port: ${ManagerServer.HttpPort}\n    timeout: ${ManagerServer.Timeout}\n    marshal:\n      emitUnpopulated: true\n      useProtoNames: true\n  grpc:\n    host: ${ManagerServer.Host}\n    port: ${ManagerServer.GrpcPort}\n    timeout: ${ManagerServer.Timeout}\nlog:\n  level: 0\n  caller: true\n  output:\n    - stdout\n    - file\n  file:\n    name: ./tmp/runtime/output.log\n    maxSize: 1\n    maxBackup: 5\n    maxAge: 1\n    compress: false\ndatabase:\n  system:\n    enable: true #是否启用数据库\n    drive: ${ManagerDatabase.Type} #数据库类型\n    autoCreate: true #是否自动创建数据库\n    connect:\n      username: ${ManagerDatabase.Username}\n      password: ${ManagerDatabase.Password}\n      host: ${ManagerDatabase.Host}\n      port: ${ManagerDatabase.Port}\n      dbName: ${ManagerDatabase.Database}\n      option: ${ManagerDatabase.Option}\n    config:\n      transformError:\n        enable: true\n      initializer:\n        enable: true\n        path: deploy/data.sql\n      maxLifetime: 2h #最大生存时间\n      maxOpenConn: 20 #最大连接数量\n      maxIdleConn: 10 #最大空闲数量\n      logLevel: 4 #日志等级\n      slowThreshold: 2s #慢sql阈值\nredis:\n  cache:\n    enable: true\n    host: ${Redis.Host}:${Redis.Port}\n    username: ${Redis.Username}\n    password: ${Redis.Password}\ncaptcha:\n  login:\n    type: image\n    length: 6\n    expire: 180s\n    redis: cache\n    height: 80\n    width: 240\n    skew: 0.7\n    refresh: true\n    dotCount: 80\n  changePassword:\n    type: email\n    length: 6\n    expire: 180s\n    redis: cache\n    template: captcha\nloader:\n  login: ${LoginPrivatePath}\nemail:\n  template:\n    captcha:\n      subject: 验证码发送通知\n      path: static/template/email/default.html\n      from: 统一应用管理中心\n      type: text/html\n  user: ${Email.Username}\n  name: ${Email.Company}\n  host: ${Email.Host}\n  port: ${Email.Port}\n  password: ${Email.Password}\njwt:\n  redis: cache\n  secret: ${AdminJwt.Secret}\n  expire: ${AdminJwt.Expire}\n  renewal: ${AdminJwt.Renewal}\n  whitelist: ${AdminJwt.Whitelist}\nauthentication:\n  db: system\n  redis: cache\n  roleKey: roleKeyword\n  skipRole: ${AuthSkipRoles}\nclient:\n  - server: Resource\n    type: direct\n    backends:\n      - target: ${ManagerServer.Host}:${ManagerServer.GrpcPort}\nbusiness:\n  changePasswordType: ${ChangePasswordType}\n  defaultUserPassword: ${DefaultUserPassword}\n  setting: ${Setting}\n', '794DBE4E2B65F3CA34F0CCF465169E87', 0, 'yaml', '初始化模板', '[{\"type\":\"update\",\"key\":\"log\",\"old\":\"file:\\n    compress: false\\n    maxAge: 1\\n    maxBackup: 5\\n    maxSize: 1\\n    name: ./tmp/runtime/output.log\\nlevel: 0\\noutput:\\n    - stdout\\n    - file\\n\",\"cur\":\"caller: true\\nfile:\\n    compress: false\\n    maxAge: 1\\n    maxBackup: 5\\n    maxSize: 1\\n    name: ./tmp/runtime/output.log\\nlevel: 0\\noutput:\\n    - stdout\\n    - file\\n\"}]'),
                                                                                                                                               (14, 1719465442, 1728072395, 3, '\nenv: ${Env.Keyword}\nserver:\n  http:\n    host: ${ResourceServer.Host}\n    port: ${ResourceServer.HttpPort}\n    timeout: ${ResourceServer.Timeout}\n    marshal:\n      emitUnpopulated: true\n      useProtoNames: true\n  grpc:\n    host: ${ResourceServer.Host}\n    port: ${ResourceServer.GrpcPort}\n    timeout: ${ResourceServer.Timeout}\nlog:\n  level: 0\n  caller: true\n  output:\n    - stdout\n    - file\n  file:\n    name: ./tmp/runtime/output.log\n    maxSize: 1\n    maxBackup: 5\n    maxAge: 1\n    compress: false\ndatabase:\n  system:\n    enable: true #是否启用数据库\n    drive: ${ResourceDatabase.Type} #数据库类型\n    autoCreate: true #是否自动创建数据库\n    connect:\n      username: ${ResourceDatabase.Username}\n      password: ${ResourceDatabase.Password}\n      host: ${ResourceDatabase.Host}\n      port: ${ResourceDatabase.Port}\n      dbName: ${ResourceDatabase.Database}\n      option: ${ResourceDatabase.Option}\n    config:\n      transformError:\n        enable: true\n      initializer:\n        enable: true\n        path: deploy/data.sql\n      maxLifetime: 2h #最大生存时间\n      maxOpenConn: 20 #最大连接数量\n      maxIdleConn: 10 #最大空闲数量\n      logLevel: 3 #日志等级\n      slowThreshold: 2s #慢sql阈值\nredis:\n  cache:\n    enable: true\n    host: ${Redis.Host}:${Redis.Port}\n    username: ${Redis.Username}\n    password: ${Redis.Password}\nbusiness:\n  chunkSize: ${ChunkSize}\n  defaultMaxSize: ${DefaultMaxSize}\n  defaultAcceptTypes: ${DefaultAcceptTypes}\n  storage:\n    type: local\n    serverUrl: ${GatewayServer.Host}:${ResourceServer.HttpPort}/resource/api/v1/static\n    localDir: static\n    temporaryExpire: 600s\n    secret: limescloud\n  export:\n    serverUrl: ${GatewayServer.Host}:${ResourceServer.HttpPort}/resource/api/v1/download\n    localDir: static/export\n    expire: 72h\n', '26E885D17255295754DFB7B3574A30E9', 0, 'yaml', '初始化模板', '[{\"type\":\"add\",\"key\":\"redis\",\"old\":\"\",\"cur\":\"cache:\\n    enable: true\\n    host: ${Redis.Host}:${Redis.Port}\\n    password: ${Redis.Password}\\n    username: ${Redis.Username}\\n\"},{\"type\":\"update\",\"key\":\"business\",\"old\":\"export:\\n    expire: 72h\\n    localDir: static/export\\nstorage:\\n    acceptTypes: ${AcceptTypes}\\n    localDir: static\\n    maxChunkCount: ${MaxChunkCount}\\n    maxChunkSize: ${MaxChunkSize}\\n    maxSingularSize: ${MaxSingularSize}\\n    serverPath: /resource/v1/static\\n    type: local\\n\",\"cur\":\"chunkSize: ${ChunkSize}\\ndefaultAcceptTypes: ${DefaultAcceptTypes}\\ndefaultMaxSize: ${DefaultMaxSize}\\nexport:\\n    expire: 72h\\n    localDir: static/export\\n    serverUrl: ${GatewayServer.Host}:${ResourceServer.HttpPort}/resource/api/v1/download\\nstorage:\\n    localDir: static\\n    secret: limescloud\\n    serverUrl: ${GatewayServer.Host}:${ResourceServer.HttpPort}/resource/api/v1/static\\n    temporaryExpire: 600s\\n    type: local\\n\"},{\"type\":\"update\",\"key\":\"log\",\"old\":\"file:\\n    compress: false\\n    maxAge: 1\\n    maxBackup: 5\\n    maxSize: 1\\n    name: ./tmp/runtime/output.log\\nlevel: 0\\noutput:\\n    - stdout\\n    - file\\n\",\"cur\":\"caller: true\\nfile:\\n    compress: false\\n    maxAge: 1\\n    maxBackup: 5\\n    maxSize: 1\\n    name: ./tmp/runtime/output.log\\nlevel: 0\\noutput:\\n    - stdout\\n    - file\\n\"}]'),
                                                                                                                                               (15, 1719466300, 1728072395, 3, '\nenv: ${Env.Keyword}\nserver:\n  http:\n    host: ${ResourceServer.Host}\n    port: ${ResourceServer.HttpPort}\n    timeout: ${ResourceServer.Timeout}\n    marshal:\n      emitUnpopulated: true\n      useProtoNames: true\n  grpc:\n    host: ${ResourceServer.Host}\n    port: ${ResourceServer.GrpcPort}\n    timeout: ${ResourceServer.Timeout}\nlog:\n  level: 0\n  caller: true\n  output:\n    - stdout\n    - file\n  file:\n    name: ./tmp/runtime/output.log\n    maxSize: 1\n    maxBackup: 5\n    maxAge: 1\n    compress: false\ndatabase:\n  system:\n    enable: true #是否启用数据库\n    drive: ${ResourceDatabase.Type} #数据库类型\n    autoCreate: true #是否自动创建数据库\n    connect:\n      username: ${ResourceDatabase.Username}\n      password: ${ResourceDatabase.Password}\n      host: ${ResourceDatabase.Host}\n      port: ${ResourceDatabase.Port}\n      dbName: ${ResourceDatabase.Database}\n      option: ${ResourceDatabase.Option}\n    config:\n      transformError:\n        enable: true\n      initializer:\n        enable: true\n        path: deploy/data.sql\n      maxLifetime: 2h #最大生存时间\n      maxOpenConn: 20 #最大连接数量\n      maxIdleConn: 10 #最大空闲数量\n      logLevel: 3 #日志等级\n      slowThreshold: 2s #慢sql阈值\nredis:\n  cache:\n    enable: true\n    host: ${Redis.Host}:${Redis.Port}\n    username: ${Redis.Username}\n    password: ${Redis.Password}\nbusiness:\n  chunkSize: ${ChunkSize}\n  defaultMaxSize: ${DefaultMaxSize}\n  defaultAcceptTypes: ${DefaultAcceptTypes}\n  storage:\n    type: local\n    serverUrl: http://${GatewayServer.Host}:${GatewayServer.HttpPort}/resource/api/v1/static\n    localDir: static\n    temporaryExpire: 600s\n    secret: limescloud\n  export:\n    serverUrl: http://${GatewayServer.Host}:${GatewayServer.HttpPort}/resource/api/v1/download\n    localDir: static/export\n    expire: 72h\n', 'C2E8D51753B9C34DBC56F80137C492A7', 0, 'yaml', '初始化模板', '[{\"type\":\"update\",\"key\":\"business\",\"old\":\"chunkSize: ${ChunkSize}\\ndefaultAcceptTypes: ${DefaultAcceptTypes}\\ndefaultMaxSize: ${DefaultMaxSize}\\nexport:\\n    expire: 72h\\n    localDir: static/export\\n    serverUrl: ${GatewayServer.Host}:${ResourceServer.HttpPort}/resource/api/v1/download\\nstorage:\\n    localDir: static\\n    secret: limescloud\\n    serverUrl: ${GatewayServer.Host}:${ResourceServer.HttpPort}/resource/api/v1/static\\n    temporaryExpire: 600s\\n    type: local\\n\",\"cur\":\"chunkSize: ${ChunkSize}\\ndefaultAcceptTypes: ${DefaultAcceptTypes}\\ndefaultMaxSize: ${DefaultMaxSize}\\nexport:\\n    expire: 72h\\n    localDir: static/export\\n    serverUrl: http://${GatewayServer.Host}:${GatewayServer.HttpPort}/resource/api/v1/download\\nstorage:\\n    localDir: static\\n    secret: limescloud\\n    serverUrl: http://${GatewayServer.Host}:${GatewayServer.HttpPort}/resource/api/v1/static\\n    temporaryExpire: 600s\\n    type: local\\n\"}]');
INSERT INTO `template` (`id`, `created_at`, `updated_at`, `server_id`, `content`, `version`, `is_use`, `format`, `description`, `compare`) VALUES
                                                                                                                                               (16, 1719466963, 1728064733, 1, 'addr: 0.0.0.0:${GatewayServer.HttpPort}\nname: gateway\nversion: v1\nmiddlewares:\n  - name: bbr\n  - name: cors\n    options:\n      allowCredentials: true\n      allowOrigins:\n        - \'*\'\n      allowMethods:\n        - GET\n        - POST\n        - PUT\n        - DELETE\n        - OPTIONS\n      AllowHeaders:\n        - Content-Type\n        - Content-Length\n        - Authorization\n      ExposeHeaders:\n        - Content-Length\n        - Access-Control-Allow-Headers\n  - name: tracing\n  - name: logging\n  - name: transcoder\nendpoints:\n  - path: /manager/api/*\n    timeout: ${ManagerServer.Timeout}\n    protocol: HTTP\n    responseFormat: true\n    backends:\n      - target: ${ManagerServer.Host}:${ManagerServer.HttpPort}\n  - path: /manager/client/*\n    timeout: ${ManagerServer.Timeout}\n    protocol: HTTP\n    responseFormat: true\n    backends:\n      - target: ${ManagerServer.Host}:${ManagerServer.HttpPort}\n    middlewares:\n      - name: auth\n        options:\n          url: http://localhost:${GatewayServer.HttpPort}/usercenter/client/v1/auth\n          method: POST\n  - path: /configure/api/*\n    timeout: ${ConfigureServer.Timeout}\n    protocol: HTTP\n    responseFormat: true\n    backends:\n      - target: ${ConfigureServer.Host}:${ConfigureServer.HttpPort}\n    middlewares:\n      - name: auth\n        options:\n          url: http://localhost:${GatewayServer.HttpPort}/manager/api/v1/auth\n          method: POST\n  - path: /resource/api/*\n    timeout: ${ResourceServer.Timeout}\n    protocol: HTTP\n    responseFormat: true\n    backends:\n      - target: ${ResourceServer.Host}:${ResourceServer.HttpPort}\n    middlewares:\n      - name: auth\n        options:\n          url: http://localhost:${GatewayServer.HttpPort}/manager/api/v1/auth\n          method: POST\n          whiteList:\n            - path: /resource/api/v1/static/*\n              method: GET\n            - path: /resource/api/v1/download/*\n              method: GET\n  - path: /resource/client/*\n    timeout: ${ResourceServer.Timeout}\n    protocol: HTTP\n    responseFormat: true\n    backends:\n      - target: ${ResourceServer.Host}:${ResourceServer.HttpPort}\n    middlewares:\n      - name: auth\n        options:\n          url: http://localhost:${GatewayServer.HttpPort}/user-center/client/token/parse\n          method: POST\n  - path: /usercenter/api/*\n    timeout: ${UserCenterServer.Timeout}\n    protocol: HTTP\n    responseFormat: true\n    backends:\n      - target: ${UserCenterServer.Host}:${UserCenterServer.HttpPort}\n    middlewares:\n      - name: auth\n        options:\n          url: http://localhost:${GatewayServer.HttpPort}/manager/api/v1/auth\n          method: POST\n  - path: /usercenter/client/*\n    timeout: ${UserCenterServer.Timeout}\n    protocol: HTTP\n    responseFormat: true\n    backends:\n      - target: ${UserCenterServer.Host}:${UserCenterServer.HttpPort}\n  - path: /cron/api/*\n    timeout: ${CronServer.Timeout}\n    protocol: HTTP\n    responseFormat: true\n    backends:\n      - target: ${CronServer.Host}:${CronServer.HttpPort}\n    middlewares:\n      - name: auth\n        options:\n          url: http://localhost:${GatewayServer.HttpPort}/manager/api/v1/auth\n          method: POST\n  - path: /partyaffairs/api/*\n    timeout: ${PartyAffairsServer.Timeout}\n    protocol: HTTP\n    responseFormat: true\n    backends:\n      - target: ${PartyAffairsServer.Host}:${PartyAffairsServer.HttpPort}\n    middlewares:\n      - name: auth\n        options:\n          url: http://localhost:${GatewayServer.HttpPort}/manager/api/v1/auth\n          method: POST\n  - path: /partyaffairs/client/*\n    timeout: ${PartyAffairsServer.Timeout}\n    protocol: HTTP\n    responseFormat: true\n    backends:\n      - target: ${PartyAffairsServer.Host}:${PartyAffairsServer.HttpPort}\n    middlewares:\n      - name: auth\n        options:\n          url: http://localhost:${GatewayServer.HttpPort}/usercenter/api/v1/auth\n          method: POST', 'D810212421E6DB836EA3CEA6C2E6DCFF', 0, 'yaml', '初始化模板', '[{\"type\":\"update\",\"key\":\"endpoints\",\"old\":\"- backends:\\n    - target: ${ManagerServer.Host}:${ManagerServer.HttpPort}\\n  path: /manager/api/*\\n  protocol: HTTP\\n  responseFormat: true\\n  timeout: ${ManagerServer.Timeout}\\n- backends:\\n    - target: ${ManagerServer.Host}:${ManagerServer.HttpPort}\\n  middlewares:\\n    - name: auth\\n      options:\\n        method: POST\\n        url: http://localhost:${GatewayServer.HttpPort}/usercenter/client/v1/auth\\n  path: /manager/client/*\\n  protocol: HTTP\\n  responseFormat: true\\n  timeout: ${ManagerServer.Timeout}\\n- backends:\\n    - target: ${ConfigureServer.Host}:${ConfigureServer.HttpPort}\\n  middlewares:\\n    - name: auth\\n      options:\\n        method: POST\\n        url: http://localhost:${GatewayServer.HttpPort}/manager/api/v1/auth\\n  path: /configure/api/*\\n  protocol: HTTP\\n  responseFormat: true\\n  timeout: ${ConfigureServer.Timeout}\\n- backends:\\n    - target: ${ResourceServer.Host}:${ResourceServer.HttpPort}\\n  middlewares:\\n    - name: auth\\n      options:\\n        method: POST\\n        url: http://localhost:${GatewayServer.HttpPort}/manager/api/v1/auth\\n        whiteList:\\n            - method: GET\\n              path: /resource/api/v1/static/*\\n  path: /resource/api/*\\n  protocol: HTTP\\n  responseFormat: true\\n  timeout: ${ResourceServer.Timeout}\\n- backends:\\n    - target: ${ResourceServer.Host}:${ResourceServer.HttpPort}\\n  middlewares:\\n    - name: auth\\n      options:\\n        method: POST\\n        url: http://localhost:${GatewayServer.HttpPort}/user-center/client/token/parse\\n  path: /resource/client/*\\n  protocol: HTTP\\n  responseFormat: true\\n  timeout: ${ResourceServer.Timeout}\\n- backends:\\n    - target: ${UserCenterServer.Host}:${UserCenterServer.HttpPort}\\n  middlewares:\\n    - name: auth\\n      options:\\n        method: POST\\n        url: http://localhost:${GatewayServer.HttpPort}/manager/api/v1/auth\\n  path: /usercenter/api/*\\n  protocol: HTTP\\n  responseFormat: true\\n  timeout: ${UserCenterServer.Timeout}\\n- backends:\\n    - target: ${UserCenterServer.Host}:${UserCenterServer.HttpPort}\\n  path: /usercenter/client/*\\n  protocol: HTTP\\n  responseFormat: true\\n  timeout: ${UserCenterServer.Timeout}\\n- backends:\\n    - target: ${CronServer.Host}:${CronServer.HttpPort}\\n  middlewares:\\n    - name: auth\\n      options:\\n        method: POST\\n        url: http://localhost:${GatewayServer.HttpPort}/manager/api/v1/auth\\n  path: /cron/api/*\\n  protocol: HTTP\\n  responseFormat: true\\n  timeout: ${CronServer.Timeout}\\n- backends:\\n    - target: ${PartyAffairsServer.Host}:${PartyAffairsServer.HttpPort}\\n  middlewares:\\n    - name: auth\\n      options:\\n        method: POST\\n        url: http://localhost:${GatewayServer.HttpPort}/manager/api/v1/auth\\n  path: /partyaffairs/api/*\\n  protocol: HTTP\\n  responseFormat: true\\n  timeout: ${PartyAffairsServer.Timeout}\\n- backends:\\n    - target: ${PartyAffairsServer.Host}:${PartyAffairsServer.HttpPort}\\n  middlewares:\\n    - name: auth\\n      options:\\n        method: POST\\n        url: http://localhost:${GatewayServer.HttpPort}/usercenter/api/v1/auth\\n  path: /partyaffairs/client/*\\n  protocol: HTTP\\n  responseFormat: true\\n  timeout: ${PartyAffairsServer.Timeout}\\n\",\"cur\":\"- backends:\\n    - target: ${ManagerServer.Host}:${ManagerServer.HttpPort}\\n  path: /manager/api/*\\n  protocol: HTTP\\n  responseFormat: true\\n  timeout: ${ManagerServer.Timeout}\\n- backends:\\n    - target: ${ManagerServer.Host}:${ManagerServer.HttpPort}\\n  middlewares:\\n    - name: auth\\n      options:\\n        method: POST\\n        url: http://localhost:${GatewayServer.HttpPort}/usercenter/client/v1/auth\\n  path: /manager/client/*\\n  protocol: HTTP\\n  responseFormat: true\\n  timeout: ${ManagerServer.Timeout}\\n- backends:\\n    - target: ${ConfigureServer.Host}:${ConfigureServer.HttpPort}\\n  middlewares:\\n    - name: auth\\n      options:\\n        method: POST\\n        url: http://localhost:${GatewayServer.HttpPort}/manager/api/v1/auth\\n  path: /configure/api/*\\n  protocol: HTTP\\n  responseFormat: true\\n  timeout: ${ConfigureServer.Timeout}\\n- backends:\\n    - target: ${ResourceServer.Host}:${ResourceServer.HttpPort}\\n  middlewares:\\n    - name: auth\\n      options:\\n        method: POST\\n        url: http://localhost:${GatewayServer.HttpPort}/manager/api/v1/auth\\n        whiteList:\\n            - method: GET\\n              path: /resource/api/v1/static/*\\n            - method: GET\\n              path: /resource/api/v1/download/*\\n  path: /resource/api/*\\n  protocol: HTTP\\n  responseFormat: true\\n  timeout: ${ResourceServer.Timeout}\\n- backends:\\n    - target: ${ResourceServer.Host}:${ResourceServer.HttpPort}\\n  middlewares:\\n    - name: auth\\n      options:\\n        method: POST\\n        url: http://localhost:${GatewayServer.HttpPort}/user-center/client/token/parse\\n  path: /resource/client/*\\n  protocol: HTTP\\n  responseFormat: true\\n  timeout: ${ResourceServer.Timeout}\\n- backends:\\n    - target: ${UserCenterServer.Host}:${UserCenterServer.HttpPort}\\n  middlewares:\\n    - name: auth\\n      options:\\n        method: POST\\n        url: http://localhost:${GatewayServer.HttpPort}/manager/api/v1/auth\\n  path: /usercenter/api/*\\n  protocol: HTTP\\n  responseFormat: true\\n  timeout: ${UserCenterServer.Timeout}\\n- backends:\\n    - target: ${UserCenterServer.Host}:${UserCenterServer.HttpPort}\\n  path: /usercenter/client/*\\n  protocol: HTTP\\n  responseFormat: true\\n  timeout: ${UserCenterServer.Timeout}\\n- backends:\\n    - target: ${CronServer.Host}:${CronServer.HttpPort}\\n  middlewares:\\n    - name: auth\\n      options:\\n        method: POST\\n        url: http://localhost:${GatewayServer.HttpPort}/manager/api/v1/auth\\n  path: /cron/api/*\\n  protocol: HTTP\\n  responseFormat: true\\n  timeout: ${CronServer.Timeout}\\n- backends:\\n    - target: ${PartyAffairsServer.Host}:${PartyAffairsServer.HttpPort}\\n  middlewares:\\n    - name: auth\\n      options:\\n        method: POST\\n        url: http://localhost:${GatewayServer.HttpPort}/manager/api/v1/auth\\n  path: /partyaffairs/api/*\\n  protocol: HTTP\\n  responseFormat: true\\n  timeout: ${PartyAffairsServer.Timeout}\\n- backends:\\n    - target: ${PartyAffairsServer.Host}:${PartyAffairsServer.HttpPort}\\n  middlewares:\\n    - name: auth\\n      options:\\n        method: POST\\n        url: http://localhost:${GatewayServer.HttpPort}/usercenter/api/v1/auth\\n  path: /partyaffairs/client/*\\n  protocol: HTTP\\n  responseFormat: true\\n  timeout: ${PartyAffairsServer.Timeout}\\n\"}]'),
                                                                                                                                               (17, 1719473730, 1719473730, 2, 'test: 11\nenv: ${Env.Keyword}\nserver:\n  http:\n    host: ${ManagerServer.Host}\n    port: ${ManagerServer.HttpPort}\n    timeout: ${ManagerServer.Timeout}\n    marshal:\n      emitUnpopulated: true\n      useProtoNames: true\n  grpc:\n    host: ${ManagerServer.Host}\n    port: ${ManagerServer.GrpcPort}\n    timeout: ${ManagerServer.Timeout}\nlog:\n  level: 0\n  caller: true\n  output:\n    - stdout\n    - file\n  file:\n    name: ./tmp/runtime/output.log\n    maxSize: 1\n    maxBackup: 5\n    maxAge: 1\n    compress: false\ndatabase:\n  system:\n    enable: true #是否启用数据库\n    drive: ${ManagerDatabase.Type} #数据库类型\n    autoCreate: true #是否自动创建数据库\n    connect:\n      username: ${ManagerDatabase.Username}\n      password: ${ManagerDatabase.Password}\n      host: ${ManagerDatabase.Host}\n      port: ${ManagerDatabase.Port}\n      dbName: ${ManagerDatabase.Database}\n      option: ${ManagerDatabase.Option}\n    config:\n      transformError:\n        enable: true\n      initializer:\n        enable: true\n        path: deploy/data.sql\n      maxLifetime: 2h #最大生存时间\n      maxOpenConn: 20 #最大连接数量\n      maxIdleConn: 10 #最大空闲数量\n      logLevel: 4 #日志等级\n      slowThreshold: 2s #慢sql阈值\nredis:\n  cache:\n    enable: true\n    host: ${Redis.Host}:${Redis.Port}\n    username: ${Redis.Username}\n    password: ${Redis.Password}\ncaptcha:\n  login:\n    type: image\n    length: 6\n    expire: 180s\n    redis: cache\n    height: 80\n    width: 240\n    skew: 0.7\n    refresh: true\n    dotCount: 80\n  changePassword:\n    type: email\n    length: 6\n    expire: 180s\n    redis: cache\n    template: captcha\nloader:\n  login: ${LoginPrivatePath}\nemail:\n  template:\n    captcha:\n      subject: 验证码发送通知\n      path: static/template/email/default.html\n      from: 统一应用管理中心\n      type: text/html\n  user: ${Email.Username}\n  name: ${Email.Company}\n  host: ${Email.Host}\n  port: ${Email.Port}\n  password: ${Email.Password}\njwt:\n  redis: cache\n  secret: ${AdminJwt.Secret}\n  expire: ${AdminJwt.Expire}\n  renewal: ${AdminJwt.Renewal}\n  whitelist: ${AdminJwt.Whitelist}\nauthentication:\n  db: system\n  redis: cache\n  roleKey: roleKeyword\n  skipRole: ${AuthSkipRoles}\nclient:\n  - server: Resource\n    type: direct\n    backends:\n      - target: ${ResourceServer.Host}:${ResourceServer.GrpcPort}\nbusiness:\n  changePasswordType: ${ChangePasswordType}\n  defaultUserPassword: ${DefaultUserPassword}\n  setting: ${Setting}\n', 'D69ED17B11BA6B9C08A906818FD83937', 1, 'yaml', '初始化模板', '[{\"type\":\"update\",\"key\":\"client\",\"old\":\"- backends:\\n    - target: ${ManagerServer.Host}:${ManagerServer.GrpcPort}\\n  server: Resource\\n  type: direct\\n\",\"cur\":\"- backends:\\n    - target: ${ResourceServer.Host}:${ResourceServer.GrpcPort}\\n  server: Resource\\n  type: direct\\n\"}]'),
                                                                                                                                               (18, 1719557318, 1728064733, 1, 'addr: 0.0.0.0:${GatewayServer.HttpPort}\nname: gateway\nversion: v1\nmiddlewares:\n  - name: bbr\n  - name: cors\n    options:\n      allowCredentials: true\n      allowOrigins:\n        - \'*\'\n      allowMethods:\n        - GET\n        - POST\n        - PUT\n        - DELETE\n        - OPTIONS\n      AllowHeaders:\n        - Content-Type\n        - Content-Length\n        - Authorization\n      ExposeHeaders:\n        - Content-Length\n        - Access-Control-Allow-Headers\n  - name: tracing\n  - name: logging\n  - name: transcoder\nendpoints:\n  - path: /manager/api/*\n    timeout: ${ManagerServer.Timeout}\n    protocol: HTTP\n    responseFormat: true\n    backends:\n      - target: ${ManagerServer.Host}:${ManagerServer.HttpPort}\n  - path: /manager/client/*\n    timeout: ${ManagerServer.Timeout}\n    protocol: HTTP\n    responseFormat: true\n    backends:\n      - target: ${ManagerServer.Host}:${ManagerServer.HttpPort}\n    middlewares:\n      - name: auth\n        options:\n          url: http://localhost:${GatewayServer.HttpPort}/usercenter/client/v1/auth\n          method: POST\n  - path: /configure/api/*\n    timeout: ${ConfigureServer.Timeout}\n    protocol: HTTP\n    responseFormat: true\n    backends:\n      - target: ${ConfigureServer.Host}:${ConfigureServer.HttpPort}\n    middlewares:\n      - name: auth\n        options:\n          url: http://localhost:${GatewayServer.HttpPort}/manager/api/v1/auth\n          method: POST\n  - path: /resource/api/*\n    timeout: ${ResourceServer.Timeout}\n    protocol: HTTP\n    responseFormat: true\n    backends:\n      - target: ${ResourceServer.Host}:${ResourceServer.HttpPort}\n    middlewares:\n      - name: auth\n        options:\n          url: http://localhost:${GatewayServer.HttpPort}/manager/api/v1/auth\n          method: POST\n          whiteList:\n            - path: /resource/api/v1/static/*\n              method: GET\n            - path: /resource/api/v1/download/*\n              method: GET\n  - path: /resource/client/*\n    timeout: ${ResourceServer.Timeout}\n    protocol: HTTP\n    responseFormat: true\n    backends:\n      - target: ${ResourceServer.Host}:${ResourceServer.HttpPort}\n    middlewares:\n      - name: auth\n        options:\n          url: http://localhost:${GatewayServer.HttpPort}/usercenter/api/v1/auth\n          method: POST\n  - path: /usercenter/api/*\n    timeout: ${UserCenterServer.Timeout}\n    protocol: HTTP\n    responseFormat: true\n    backends:\n      - target: ${UserCenterServer.Host}:${UserCenterServer.HttpPort}\n    middlewares:\n      - name: auth\n        options:\n          url: http://localhost:${GatewayServer.HttpPort}/manager/api/v1/auth\n          method: POST\n  - path: /usercenter/client/*\n    timeout: ${UserCenterServer.Timeout}\n    protocol: HTTP\n    responseFormat: true\n    backends:\n      - target: ${UserCenterServer.Host}:${UserCenterServer.HttpPort}\n  - path: /cron/api/*\n    timeout: ${CronServer.Timeout}\n    protocol: HTTP\n    responseFormat: true\n    backends:\n      - target: ${CronServer.Host}:${CronServer.HttpPort}\n    middlewares:\n      - name: auth\n        options:\n          url: http://localhost:${GatewayServer.HttpPort}/manager/api/v1/auth\n          method: POST\n  - path: /partyaffairs/api/*\n    timeout: ${PartyAffairsServer.Timeout}\n    protocol: HTTP\n    responseFormat: true\n    backends:\n      - target: ${PartyAffairsServer.Host}:${PartyAffairsServer.HttpPort}\n    middlewares:\n      - name: auth\n        options:\n          url: http://localhost:${GatewayServer.HttpPort}/manager/api/v1/auth\n          method: POST\n  - path: /partyaffairs/client/*\n    timeout: ${PartyAffairsServer.Timeout}\n    protocol: HTTP\n    responseFormat: true\n    backends:\n      - target: ${PartyAffairsServer.Host}:${PartyAffairsServer.HttpPort}\n    middlewares:\n      - name: auth\n        options:\n          url: http://localhost:${GatewayServer.HttpPort}/usercenter/api/v1/auth\n          method: POST', 'D0E935C5032DC43B988E70406A7B6111', 0, 'yaml', '初始化模板', '[{\"type\":\"update\",\"key\":\"endpoints\",\"old\":\"- backends:\\n    - target: ${ManagerServer.Host}:${ManagerServer.HttpPort}\\n  path: /manager/api/*\\n  protocol: HTTP\\n  responseFormat: true\\n  timeout: ${ManagerServer.Timeout}\\n- backends:\\n    - target: ${ManagerServer.Host}:${ManagerServer.HttpPort}\\n  middlewares:\\n    - name: auth\\n      options:\\n        method: POST\\n        url: http://localhost:${GatewayServer.HttpPort}/usercenter/client/v1/auth\\n  path: /manager/client/*\\n  protocol: HTTP\\n  responseFormat: true\\n  timeout: ${ManagerServer.Timeout}\\n- backends:\\n    - target: ${ConfigureServer.Host}:${ConfigureServer.HttpPort}\\n  middlewares:\\n    - name: auth\\n      options:\\n        method: POST\\n        url: http://localhost:${GatewayServer.HttpPort}/manager/api/v1/auth\\n  path: /configure/api/*\\n  protocol: HTTP\\n  responseFormat: true\\n  timeout: ${ConfigureServer.Timeout}\\n- backends:\\n    - target: ${ResourceServer.Host}:${ResourceServer.HttpPort}\\n  middlewares:\\n    - name: auth\\n      options:\\n        method: POST\\n        url: http://localhost:${GatewayServer.HttpPort}/manager/api/v1/auth\\n        whiteList:\\n            - method: GET\\n              path: /resource/api/v1/static/*\\n            - method: GET\\n              path: /resource/api/v1/download/*\\n  path: /resource/api/*\\n  protocol: HTTP\\n  responseFormat: true\\n  timeout: ${ResourceServer.Timeout}\\n- backends:\\n    - target: ${ResourceServer.Host}:${ResourceServer.HttpPort}\\n  middlewares:\\n    - name: auth\\n      options:\\n        method: POST\\n        url: http://localhost:${GatewayServer.HttpPort}/user-center/client/token/parse\\n  path: /resource/client/*\\n  protocol: HTTP\\n  responseFormat: true\\n  timeout: ${ResourceServer.Timeout}\\n- backends:\\n    - target: ${UserCenterServer.Host}:${UserCenterServer.HttpPort}\\n  middlewares:\\n    - name: auth\\n      options:\\n        method: POST\\n        url: http://localhost:${GatewayServer.HttpPort}/manager/api/v1/auth\\n  path: /usercenter/api/*\\n  protocol: HTTP\\n  responseFormat: true\\n  timeout: ${UserCenterServer.Timeout}\\n- backends:\\n    - target: ${UserCenterServer.Host}:${UserCenterServer.HttpPort}\\n  path: /usercenter/client/*\\n  protocol: HTTP\\n  responseFormat: true\\n  timeout: ${UserCenterServer.Timeout}\\n- backends:\\n    - target: ${CronServer.Host}:${CronServer.HttpPort}\\n  middlewares:\\n    - name: auth\\n      options:\\n        method: POST\\n        url: http://localhost:${GatewayServer.HttpPort}/manager/api/v1/auth\\n  path: /cron/api/*\\n  protocol: HTTP\\n  responseFormat: true\\n  timeout: ${CronServer.Timeout}\\n- backends:\\n    - target: ${PartyAffairsServer.Host}:${PartyAffairsServer.HttpPort}\\n  middlewares:\\n    - name: auth\\n      options:\\n        method: POST\\n        url: http://localhost:${GatewayServer.HttpPort}/manager/api/v1/auth\\n  path: /partyaffairs/api/*\\n  protocol: HTTP\\n  responseFormat: true\\n  timeout: ${PartyAffairsServer.Timeout}\\n- backends:\\n    - target: ${PartyAffairsServer.Host}:${PartyAffairsServer.HttpPort}\\n  middlewares:\\n    - name: auth\\n      options:\\n        method: POST\\n        url: http://localhost:${GatewayServer.HttpPort}/usercenter/api/v1/auth\\n  path: /partyaffairs/client/*\\n  protocol: HTTP\\n  responseFormat: true\\n  timeout: ${PartyAffairsServer.Timeout}\\n\",\"cur\":\"- backends:\\n    - target: ${ManagerServer.Host}:${ManagerServer.HttpPort}\\n  path: /manager/api/*\\n  protocol: HTTP\\n  responseFormat: true\\n  timeout: ${ManagerServer.Timeout}\\n- backends:\\n    - target: ${ManagerServer.Host}:${ManagerServer.HttpPort}\\n  middlewares:\\n    - name: auth\\n      options:\\n        method: POST\\n        url: http://localhost:${GatewayServer.HttpPort}/usercenter/client/v1/auth\\n  path: /manager/client/*\\n  protocol: HTTP\\n  responseFormat: true\\n  timeout: ${ManagerServer.Timeout}\\n- backends:\\n    - target: ${ConfigureServer.Host}:${ConfigureServer.HttpPort}\\n  middlewares:\\n    - name: auth\\n      options:\\n        method: POST\\n        url: http://localhost:${GatewayServer.HttpPort}/manager/api/v1/auth\\n  path: /configure/api/*\\n  protocol: HTTP\\n  responseFormat: true\\n  timeout: ${ConfigureServer.Timeout}\\n- backends:\\n    - target: ${ResourceServer.Host}:${ResourceServer.HttpPort}\\n  middlewares:\\n    - name: auth\\n      options:\\n        method: POST\\n        url: http://localhost:${GatewayServer.HttpPort}/manager/api/v1/auth\\n        whiteList:\\n            - method: GET\\n              path: /resource/api/v1/static/*\\n            - method: GET\\n              path: /resource/api/v1/download/*\\n  path: /resource/api/*\\n  protocol: HTTP\\n  responseFormat: true\\n  timeout: ${ResourceServer.Timeout}\\n- backends:\\n    - target: ${ResourceServer.Host}:${ResourceServer.HttpPort}\\n  middlewares:\\n    - name: auth\\n      options:\\n        method: POST\\n        url: http://localhost:${GatewayServer.HttpPort}/usercenter/api/v1/auth\\n  path: /resource/client/*\\n  protocol: HTTP\\n  responseFormat: true\\n  timeout: ${ResourceServer.Timeout}\\n- backends:\\n    - target: ${UserCenterServer.Host}:${UserCenterServer.HttpPort}\\n  middlewares:\\n    - name: auth\\n      options:\\n        method: POST\\n        url: http://localhost:${GatewayServer.HttpPort}/manager/api/v1/auth\\n  path: /usercenter/api/*\\n  protocol: HTTP\\n  responseFormat: true\\n  timeout: ${UserCenterServer.Timeout}\\n- backends:\\n    - target: ${UserCenterServer.Host}:${UserCenterServer.HttpPort}\\n  path: /usercenter/client/*\\n  protocol: HTTP\\n  responseFormat: true\\n  timeout: ${UserCenterServer.Timeout}\\n- backends:\\n    - target: ${CronServer.Host}:${CronServer.HttpPort}\\n  middlewares:\\n    - name: auth\\n      options:\\n        method: POST\\n        url: http://localhost:${GatewayServer.HttpPort}/manager/api/v1/auth\\n  path: /cron/api/*\\n  protocol: HTTP\\n  responseFormat: true\\n  timeout: ${CronServer.Timeout}\\n- backends:\\n    - target: ${PartyAffairsServer.Host}:${PartyAffairsServer.HttpPort}\\n  middlewares:\\n    - name: auth\\n      options:\\n        method: POST\\n        url: http://localhost:${GatewayServer.HttpPort}/manager/api/v1/auth\\n  path: /partyaffairs/api/*\\n  protocol: HTTP\\n  responseFormat: true\\n  timeout: ${PartyAffairsServer.Timeout}\\n- backends:\\n    - target: ${PartyAffairsServer.Host}:${PartyAffairsServer.HttpPort}\\n  middlewares:\\n    - name: auth\\n      options:\\n        method: POST\\n        url: http://localhost:${GatewayServer.HttpPort}/usercenter/api/v1/auth\\n  path: /partyaffairs/client/*\\n  protocol: HTTP\\n  responseFormat: true\\n  timeout: ${PartyAffairsServer.Timeout}\\n\"}]'),
                                                                                                                                               (19, 1719558297, 1728064794, 5, '\nenv: ${Env.Keyword}\nserver:\n  http:\n    host: ${UserCenterServer.Host}\n    port: ${UserCenterServer.HttpPort}\n    timeout: ${UserCenterServer.Timeout}\n    marshal:\n      emitUnpopulated: true\n      useProtoNames: true\n  grpc:\n    host: ${UserCenterServer.Host}\n    port: ${UserCenterServer.GrpcPort}\n    timeout: ${UserCenterServer.Timeout}\nclient:\n  - server: Resource\n    type: direct\n    backends:\n      - target: ${ResourceServer.Host}:${ResourceServer.GrpcPort}\nlog:\n  level: 0\n  caller: true\n  output:\n    - stdout\n    - file\n  file:\n    name: ./tmp/runtime/output.log\n    maxSize: 1\n    maxBackup: 5\n    maxAge: 1\n    compress: false\ndatabase:\n  system:\n    enable: true #是否启用数据库\n    drive: ${UserCenterDatabase.Type} #数据库类型\n    autoCreate: true #是否自动创建数据库\n    connect:\n      username: ${UserCenterDatabase.Username}\n      password: ${UserCenterDatabase.Password}\n      host: ${UserCenterDatabase.Host}\n      port: ${UserCenterDatabase.Port}\n      dbName: ${UserCenterDatabase.Database}\n      option: ${UserCenterDatabase.Option}\n    config:\n      transformError:\n        enable: true\n      initializer:\n        enable: true\n        path: deploy/data.sql\n      maxLifetime: 2h #最大生存时间\n      maxOpenConn: 20 #最大连接数量\n      maxIdleConn: 10 #最大空闲数量\n      logLevel: 4 #日志等级\n      slowThreshold: 2s #慢sql阈值\nredis:\n  cache:\n    enable: true\n    host: ${Redis.Host}:${Redis.Port}\n    username: ${Redis.Username}\n    password: ${Redis.Password}\ncaptcha:\n  loginImage:\n    type: image\n    length: 6\n    expire: 180s\n    redis: cache\n    height: 80\n    width: 200\n    skew: 0.7\n    dotCount: 80\n    refresh: true\n  bindImage:\n    type: image\n    length: 6\n    expire: 180s\n    redis: cache\n    height: 80\n    width: 200\n    skew: 0.7\n    dotCount: 80\n    refresh: true\n  registerImage:\n    type: image\n    length: 6\n    expire: 180s\n    redis: cache\n    height: 80\n    width: 200\n    skew: 0.7\n    dotCount: 80\n    refresh: true\n  loginEmail:\n    type: email\n    length: 6\n    expire: 180s\n    redis: cache\n    template: login\n  bindEmail:\n    type: email\n    length: 6\n    expire: 180s\n    redis: cache\n    template: bind\n  registerEmail:\n    type: email\n    length: 6\n    expire: 180s\n    redis: cache\n    template: register\nloader:\n  password: static/cert/password.pem\nemail:\n  template:\n    login:\n      subject: 登录验证码发送通知\n      path: static/template/email/default.html\n      type: text/html\n    bind:\n      subject: 绑定验证码发送通知\n      path: static/template/email/default.html\n      type: text/html\n    register:\n      subject: 注册验证码发送通知\n      path: static/template/email/default.html\n      type: text/html\n  user: ${Email.Username}\n  name: ${Email.Company}\n  host: ${Email.Host}\n  port: ${Email.Port}\n  password: ${Email.Password}\njwt:\n  redis: cache\n  secret: ${ClientJwt.Secret}\n  expire: ${ClientJwt.Expire}\n  renewal: ${ClientJwt.Renewal}\n  whitelist: ${ClientJwt.Whitelist}\nbusiness:\n  defaultPasswordExpire: 10s\n  defaultNickName: 用户-\n', '0D01EEE78E5662F3193361C9EEE34266', 0, 'yaml', '初始化模板', '[{\"type\":\"update\",\"key\":\"business\",\"old\":\"service:\\n    resource: ${ResourceServer.Host}:${ResourceServer.GrpcPort}\\n\",\"cur\":\"defaultNickName: 用户-\\ndefaultPasswordExpire: 10s\\n\"},{\"type\":\"update\",\"key\":\"log\",\"old\":\"file:\\n    compress: false\\n    maxAge: 1\\n    maxBackup: 5\\n    maxSize: 1\\n    name: ./tmp/runtime/output.log\\nlevel: 0\\noutput:\\n    - stdout\\n    - file\\n\",\"cur\":\"caller: true\\nfile:\\n    compress: false\\n    maxAge: 1\\n    maxBackup: 5\\n    maxSize: 1\\n    name: ./tmp/runtime/output.log\\nlevel: 0\\noutput:\\n    - stdout\\n    - file\\n\"}]'),
                                                                                                                                               (20, 1719559466, 1728064733, 1, 'addr: 0.0.0.0:${GatewayServer.HttpPort}\nname: gateway\nversion: v1\nmiddlewares:\n  - name: bbr\n  - name: cors\n    options:\n      allowCredentials: true\n      allowOrigins:\n        - \'*\'\n      allowMethods:\n        - GET\n        - POST\n        - PUT\n        - DELETE\n        - OPTIONS\n      AllowHeaders:\n        - Content-Type\n        - Content-Length\n        - Authorization\n      ExposeHeaders:\n        - Content-Length\n        - Access-Control-Allow-Headers\n  - name: tracing\n  - name: logging\n  - name: transcoder\nendpoints:\n  - path: /manager/api/*\n    timeout: ${ManagerServer.Timeout}\n    protocol: HTTP\n    responseFormat: true\n    backends:\n      - target: ${ManagerServer.Host}:${ManagerServer.HttpPort}\n  - path: /manager/client/*\n    timeout: ${ManagerServer.Timeout}\n    protocol: HTTP\n    responseFormat: true\n    backends:\n      - target: ${ManagerServer.Host}:${ManagerServer.HttpPort}\n    middlewares:\n      - name: auth\n        options:\n          url: http://localhost:${GatewayServer.HttpPort}/usercenter/client/v1/auth\n          method: POST\n  - path: /configure/api/*\n    timeout: ${ConfigureServer.Timeout}\n    protocol: HTTP\n    responseFormat: true\n    backends:\n      - target: ${ConfigureServer.Host}:${ConfigureServer.HttpPort}\n    middlewares:\n      - name: auth\n        options:\n          url: http://localhost:${GatewayServer.HttpPort}/manager/api/v1/auth\n          method: POST\n  - path: /resource/api/*\n    timeout: ${ResourceServer.Timeout}\n    protocol: HTTP\n    responseFormat: true\n    backends:\n      - target: ${ResourceServer.Host}:${ResourceServer.HttpPort}\n    middlewares:\n      - name: auth\n        options:\n          url: http://localhost:${GatewayServer.HttpPort}/manager/api/v1/auth\n          method: POST\n          whiteList:\n            - path: /resource/api/v1/static/*\n              method: GET\n            - path: /resource/api/v1/download/*\n              method: GET\n  - path: /resource/client/*\n    timeout: ${ResourceServer.Timeout}\n    protocol: HTTP\n    responseFormat: true\n    backends:\n      - target: ${ResourceServer.Host}:${ResourceServer.HttpPort}\n    middlewares:\n      - name: auth\n        options:\n          url: http://localhost:${GatewayServer.HttpPort}/usercenter/api/v1/auth\n          method: POST\n  - path: /usercenter/api/*\n    timeout: ${UserCenterServer.Timeout}\n    protocol: HTTP\n    responseFormat: true\n    backends:\n      - target: ${UserCenterServer.Host}:${UserCenterServer.HttpPort}\n    middlewares:\n      - name: auth\n        options:\n          url: http://localhost:${GatewayServer.HttpPort}/manager/api/v1/auth\n          method: POST\n          whiteList:\n            - path: /usercenter/api/v1/auth\n              method: POST\n  - path: /usercenter/client/*\n    timeout: ${UserCenterServer.Timeout}\n    protocol: HTTP\n    responseFormat: true\n    backends:\n      - target: ${UserCenterServer.Host}:${UserCenterServer.HttpPort}\n  - path: /cron/api/*\n    timeout: ${CronServer.Timeout}\n    protocol: HTTP\n    responseFormat: true\n    backends:\n      - target: ${CronServer.Host}:${CronServer.HttpPort}\n    middlewares:\n      - name: auth\n        options:\n          url: http://localhost:${GatewayServer.HttpPort}/manager/api/v1/auth\n          method: POST\n  - path: /partyaffairs/api/*\n    timeout: ${PartyAffairsServer.Timeout}\n    protocol: HTTP\n    responseFormat: true\n    backends:\n      - target: ${PartyAffairsServer.Host}:${PartyAffairsServer.HttpPort}\n    middlewares:\n      - name: auth\n        options:\n          url: http://localhost:${GatewayServer.HttpPort}/manager/api/v1/auth\n          method: POST\n  - path: /partyaffairs/client/*\n    timeout: ${PartyAffairsServer.Timeout}\n    protocol: HTTP\n    responseFormat: true\n    backends:\n      - target: ${PartyAffairsServer.Host}:${PartyAffairsServer.HttpPort}\n    middlewares:\n      - name: auth\n        options:\n          url: http://localhost:${GatewayServer.HttpPort}/usercenter/api/v1/auth\n          method: POST', 'DEBD584379CAA5B33A00199457BF87DC', 0, 'yaml', '初始化模板', '[{\"type\":\"update\",\"key\":\"endpoints\",\"old\":\"- backends:\\n    - target: ${ManagerServer.Host}:${ManagerServer.HttpPort}\\n  path: /manager/api/*\\n  protocol: HTTP\\n  responseFormat: true\\n  timeout: ${ManagerServer.Timeout}\\n- backends:\\n    - target: ${ManagerServer.Host}:${ManagerServer.HttpPort}\\n  middlewares:\\n    - name: auth\\n      options:\\n        method: POST\\n        url: http://localhost:${GatewayServer.HttpPort}/usercenter/client/v1/auth\\n  path: /manager/client/*\\n  protocol: HTTP\\n  responseFormat: true\\n  timeout: ${ManagerServer.Timeout}\\n- backends:\\n    - target: ${ConfigureServer.Host}:${ConfigureServer.HttpPort}\\n  middlewares:\\n    - name: auth\\n      options:\\n        method: POST\\n        url: http://localhost:${GatewayServer.HttpPort}/manager/api/v1/auth\\n  path: /configure/api/*\\n  protocol: HTTP\\n  responseFormat: true\\n  timeout: ${ConfigureServer.Timeout}\\n- backends:\\n    - target: ${ResourceServer.Host}:${ResourceServer.HttpPort}\\n  middlewares:\\n    - name: auth\\n      options:\\n        method: POST\\n        url: http://localhost:${GatewayServer.HttpPort}/manager/api/v1/auth\\n        whiteList:\\n            - method: GET\\n              path: /resource/api/v1/static/*\\n            - method: GET\\n              path: /resource/api/v1/download/*\\n  path: /resource/api/*\\n  protocol: HTTP\\n  responseFormat: true\\n  timeout: ${ResourceServer.Timeout}\\n- backends:\\n    - target: ${ResourceServer.Host}:${ResourceServer.HttpPort}\\n  middlewares:\\n    - name: auth\\n      options:\\n        method: POST\\n        url: http://localhost:${GatewayServer.HttpPort}/usercenter/api/v1/auth\\n  path: /resource/client/*\\n  protocol: HTTP\\n  responseFormat: true\\n  timeout: ${ResourceServer.Timeout}\\n- backends:\\n    - target: ${UserCenterServer.Host}:${UserCenterServer.HttpPort}\\n  middlewares:\\n    - name: auth\\n      options:\\n        method: POST\\n        url: http://localhost:${GatewayServer.HttpPort}/manager/api/v1/auth\\n  path: /usercenter/api/*\\n  protocol: HTTP\\n  responseFormat: true\\n  timeout: ${UserCenterServer.Timeout}\\n- backends:\\n    - target: ${UserCenterServer.Host}:${UserCenterServer.HttpPort}\\n  path: /usercenter/client/*\\n  protocol: HTTP\\n  responseFormat: true\\n  timeout: ${UserCenterServer.Timeout}\\n- backends:\\n    - target: ${CronServer.Host}:${CronServer.HttpPort}\\n  middlewares:\\n    - name: auth\\n      options:\\n        method: POST\\n        url: http://localhost:${GatewayServer.HttpPort}/manager/api/v1/auth\\n  path: /cron/api/*\\n  protocol: HTTP\\n  responseFormat: true\\n  timeout: ${CronServer.Timeout}\\n- backends:\\n    - target: ${PartyAffairsServer.Host}:${PartyAffairsServer.HttpPort}\\n  middlewares:\\n    - name: auth\\n      options:\\n        method: POST\\n        url: http://localhost:${GatewayServer.HttpPort}/manager/api/v1/auth\\n  path: /partyaffairs/api/*\\n  protocol: HTTP\\n  responseFormat: true\\n  timeout: ${PartyAffairsServer.Timeout}\\n- backends:\\n    - target: ${PartyAffairsServer.Host}:${PartyAffairsServer.HttpPort}\\n  middlewares:\\n    - name: auth\\n      options:\\n        method: POST\\n        url: http://localhost:${GatewayServer.HttpPort}/usercenter/api/v1/auth\\n  path: /partyaffairs/client/*\\n  protocol: HTTP\\n  responseFormat: true\\n  timeout: ${PartyAffairsServer.Timeout}\\n\",\"cur\":\"- backends:\\n    - target: ${ManagerServer.Host}:${ManagerServer.HttpPort}\\n  path: /manager/api/*\\n  protocol: HTTP\\n  responseFormat: true\\n  timeout: ${ManagerServer.Timeout}\\n- backends:\\n    - target: ${ManagerServer.Host}:${ManagerServer.HttpPort}\\n  middlewares:\\n    - name: auth\\n      options:\\n        method: POST\\n        url: http://localhost:${GatewayServer.HttpPort}/usercenter/client/v1/auth\\n  path: /manager/client/*\\n  protocol: HTTP\\n  responseFormat: true\\n  timeout: ${ManagerServer.Timeout}\\n- backends:\\n    - target: ${ConfigureServer.Host}:${ConfigureServer.HttpPort}\\n  middlewares:\\n    - name: auth\\n      options:\\n        method: POST\\n        url: http://localhost:${GatewayServer.HttpPort}/manager/api/v1/auth\\n  path: /configure/api/*\\n  protocol: HTTP\\n  responseFormat: true\\n  timeout: ${ConfigureServer.Timeout}\\n- backends:\\n    - target: ${ResourceServer.Host}:${ResourceServer.HttpPort}\\n  middlewares:\\n    - name: auth\\n      options:\\n        method: POST\\n        url: http://localhost:${GatewayServer.HttpPort}/manager/api/v1/auth\\n        whiteList:\\n            - method: GET\\n              path: /resource/api/v1/static/*\\n            - method: GET\\n              path: /resource/api/v1/download/*\\n  path: /resource/api/*\\n  protocol: HTTP\\n  responseFormat: true\\n  timeout: ${ResourceServer.Timeout}\\n- backends:\\n    - target: ${ResourceServer.Host}:${ResourceServer.HttpPort}\\n  middlewares:\\n    - name: auth\\n      options:\\n        method: POST\\n        url: http://localhost:${GatewayServer.HttpPort}/usercenter/api/v1/auth\\n  path: /resource/client/*\\n  protocol: HTTP\\n  responseFormat: true\\n  timeout: ${ResourceServer.Timeout}\\n- backends:\\n    - target: ${UserCenterServer.Host}:${UserCenterServer.HttpPort}\\n  middlewares:\\n    - name: auth\\n      options:\\n        method: POST\\n        url: http://localhost:${GatewayServer.HttpPort}/manager/api/v1/auth\\n        whiteList:\\n            - method: POST\\n              path: /usercenter/api/v1/auth\\n  path: /usercenter/api/*\\n  protocol: HTTP\\n  responseFormat: true\\n  timeout: ${UserCenterServer.Timeout}\\n- backends:\\n    - target: ${UserCenterServer.Host}:${UserCenterServer.HttpPort}\\n  path: /usercenter/client/*\\n  protocol: HTTP\\n  responseFormat: true\\n  timeout: ${UserCenterServer.Timeout}\\n- backends:\\n    - target: ${CronServer.Host}:${CronServer.HttpPort}\\n  middlewares:\\n    - name: auth\\n      options:\\n        method: POST\\n        url: http://localhost:${GatewayServer.HttpPort}/manager/api/v1/auth\\n  path: /cron/api/*\\n  protocol: HTTP\\n  responseFormat: true\\n  timeout: ${CronServer.Timeout}\\n- backends:\\n    - target: ${PartyAffairsServer.Host}:${PartyAffairsServer.HttpPort}\\n  middlewares:\\n    - name: auth\\n      options:\\n        method: POST\\n        url: http://localhost:${GatewayServer.HttpPort}/manager/api/v1/auth\\n  path: /partyaffairs/api/*\\n  protocol: HTTP\\n  responseFormat: true\\n  timeout: ${PartyAffairsServer.Timeout}\\n- backends:\\n    - target: ${PartyAffairsServer.Host}:${PartyAffairsServer.HttpPort}\\n  middlewares:\\n    - name: auth\\n      options:\\n        method: POST\\n        url: http://localhost:${GatewayServer.HttpPort}/usercenter/api/v1/auth\\n  path: /partyaffairs/client/*\\n  protocol: HTTP\\n  responseFormat: true\\n  timeout: ${PartyAffairsServer.Timeout}\\n\"}]');
INSERT INTO `template` (`id`, `created_at`, `updated_at`, `server_id`, `content`, `version`, `is_use`, `format`, `description`, `compare`) VALUES
                                                                                                                                               (21, 1719559979, 1728064733, 1, 'addr: 0.0.0.0:${GatewayServer.HttpPort}\nname: gateway\nversion: v1\nmiddlewares:\n  - name: bbr\n  - name: cors\n    options:\n      allowCredentials: true\n      allowOrigins:\n        - \'*\'\n      allowMethods:\n        - GET\n        - POST\n        - PUT\n        - DELETE\n        - OPTIONS\n      AllowHeaders:\n        - Content-Type\n        - Content-Length\n        - Authorization\n      ExposeHeaders:\n        - Content-Length\n        - Access-Control-Allow-Headers\n  - name: tracing\n  - name: logging\n  - name: transcoder\nendpoints:\n  - path: /manager/api/*\n    timeout: ${ManagerServer.Timeout}\n    protocol: HTTP\n    responseFormat: true\n    backends:\n      - target: ${ManagerServer.Host}:${ManagerServer.HttpPort}\n  - path: /manager/client/*\n    timeout: ${ManagerServer.Timeout}\n    protocol: HTTP\n    responseFormat: true\n    backends:\n      - target: ${ManagerServer.Host}:${ManagerServer.HttpPort}\n    middlewares:\n      - name: auth\n        options:\n          url: http://localhost:${GatewayServer.HttpPort}/usercenter/client/v1/auth\n          method: POST\n  - path: /configure/api/*\n    timeout: ${ConfigureServer.Timeout}\n    protocol: HTTP\n    responseFormat: true\n    backends:\n      - target: ${ConfigureServer.Host}:${ConfigureServer.HttpPort}\n    middlewares:\n      - name: auth\n        options:\n          url: http://localhost:${GatewayServer.HttpPort}/manager/api/v1/auth\n          method: POST\n  - path: /resource/api/*\n    timeout: ${ResourceServer.Timeout}\n    protocol: HTTP\n    responseFormat: true\n    backends:\n      - target: ${ResourceServer.Host}:${ResourceServer.HttpPort}\n    middlewares:\n      - name: auth\n        options:\n          url: http://localhost:${GatewayServer.HttpPort}/manager/api/v1/auth\n          method: POST\n          whiteList:\n            - path: /resource/api/v1/static/*\n              method: GET\n            - path: /resource/api/v1/download/*\n              method: GET\n  - path: /resource/client/*\n    timeout: ${ResourceServer.Timeout}\n    protocol: HTTP\n    responseFormat: true\n    backends:\n      - target: ${ResourceServer.Host}:${ResourceServer.HttpPort}\n    middlewares:\n      - name: auth\n        options:\n          url: http://localhost:${GatewayServer.HttpPort}/usercenter/client/v1/auth\n          method: POST\n  - path: /usercenter/api/*\n    timeout: ${UserCenterServer.Timeout}\n    protocol: HTTP\n    responseFormat: true\n    backends:\n      - target: ${UserCenterServer.Host}:${UserCenterServer.HttpPort}\n    middlewares:\n      - name: auth\n        options:\n          url: http://localhost:${GatewayServer.HttpPort}/manager/api/v1/auth\n          method: POST\n  - path: /usercenter/client/*\n    timeout: ${UserCenterServer.Timeout}\n    protocol: HTTP\n    responseFormat: true\n    backends:\n      - target: ${UserCenterServer.Host}:${UserCenterServer.HttpPort}\n  - path: /cron/api/*\n    timeout: ${CronServer.Timeout}\n    protocol: HTTP\n    responseFormat: true\n    backends:\n      - target: ${CronServer.Host}:${CronServer.HttpPort}\n    middlewares:\n      - name: auth\n        options:\n          url: http://localhost:${GatewayServer.HttpPort}/manager/api/v1/auth\n          method: POST\n  - path: /partyaffairs/api/*\n    timeout: ${PartyAffairsServer.Timeout}\n    protocol: HTTP\n    responseFormat: true\n    backends:\n      - target: ${PartyAffairsServer.Host}:${PartyAffairsServer.HttpPort}\n    middlewares:\n      - name: auth\n        options:\n          url: http://localhost:${GatewayServer.HttpPort}/manager/api/v1/auth\n          method: POST\n  - path: /partyaffairs/client/*\n    timeout: ${PartyAffairsServer.Timeout}\n    protocol: HTTP\n    responseFormat: true\n    backends:\n      - target: ${PartyAffairsServer.Host}:${PartyAffairsServer.HttpPort}\n    middlewares:\n      - name: auth\n        options:\n          url: http://localhost:${GatewayServer.HttpPort}/usercenter/api/v1/auth\n          method: POST', 'CD650FA575AAE93B796D3C395E324C48', 0, 'yaml', '初始化模板', '[{\"type\":\"update\",\"key\":\"endpoints\",\"old\":\"- backends:\\n    - target: ${ManagerServer.Host}:${ManagerServer.HttpPort}\\n  path: /manager/api/*\\n  protocol: HTTP\\n  responseFormat: true\\n  timeout: ${ManagerServer.Timeout}\\n- backends:\\n    - target: ${ManagerServer.Host}:${ManagerServer.HttpPort}\\n  middlewares:\\n    - name: auth\\n      options:\\n        method: POST\\n        url: http://localhost:${GatewayServer.HttpPort}/usercenter/client/v1/auth\\n  path: /manager/client/*\\n  protocol: HTTP\\n  responseFormat: true\\n  timeout: ${ManagerServer.Timeout}\\n- backends:\\n    - target: ${ConfigureServer.Host}:${ConfigureServer.HttpPort}\\n  middlewares:\\n    - name: auth\\n      options:\\n        method: POST\\n        url: http://localhost:${GatewayServer.HttpPort}/manager/api/v1/auth\\n  path: /configure/api/*\\n  protocol: HTTP\\n  responseFormat: true\\n  timeout: ${ConfigureServer.Timeout}\\n- backends:\\n    - target: ${ResourceServer.Host}:${ResourceServer.HttpPort}\\n  middlewares:\\n    - name: auth\\n      options:\\n        method: POST\\n        url: http://localhost:${GatewayServer.HttpPort}/manager/api/v1/auth\\n        whiteList:\\n            - method: GET\\n              path: /resource/api/v1/static/*\\n            - method: GET\\n              path: /resource/api/v1/download/*\\n  path: /resource/api/*\\n  protocol: HTTP\\n  responseFormat: true\\n  timeout: ${ResourceServer.Timeout}\\n- backends:\\n    - target: ${ResourceServer.Host}:${ResourceServer.HttpPort}\\n  middlewares:\\n    - name: auth\\n      options:\\n        method: POST\\n        url: http://localhost:${GatewayServer.HttpPort}/usercenter/api/v1/auth\\n  path: /resource/client/*\\n  protocol: HTTP\\n  responseFormat: true\\n  timeout: ${ResourceServer.Timeout}\\n- backends:\\n    - target: ${UserCenterServer.Host}:${UserCenterServer.HttpPort}\\n  middlewares:\\n    - name: auth\\n      options:\\n        method: POST\\n        url: http://localhost:${GatewayServer.HttpPort}/manager/api/v1/auth\\n        whiteList:\\n            - method: POST\\n              path: /usercenter/api/v1/auth\\n  path: /usercenter/api/*\\n  protocol: HTTP\\n  responseFormat: true\\n  timeout: ${UserCenterServer.Timeout}\\n- backends:\\n    - target: ${UserCenterServer.Host}:${UserCenterServer.HttpPort}\\n  path: /usercenter/client/*\\n  protocol: HTTP\\n  responseFormat: true\\n  timeout: ${UserCenterServer.Timeout}\\n- backends:\\n    - target: ${CronServer.Host}:${CronServer.HttpPort}\\n  middlewares:\\n    - name: auth\\n      options:\\n        method: POST\\n        url: http://localhost:${GatewayServer.HttpPort}/manager/api/v1/auth\\n  path: /cron/api/*\\n  protocol: HTTP\\n  responseFormat: true\\n  timeout: ${CronServer.Timeout}\\n- backends:\\n    - target: ${PartyAffairsServer.Host}:${PartyAffairsServer.HttpPort}\\n  middlewares:\\n    - name: auth\\n      options:\\n        method: POST\\n        url: http://localhost:${GatewayServer.HttpPort}/manager/api/v1/auth\\n  path: /partyaffairs/api/*\\n  protocol: HTTP\\n  responseFormat: true\\n  timeout: ${PartyAffairsServer.Timeout}\\n- backends:\\n    - target: ${PartyAffairsServer.Host}:${PartyAffairsServer.HttpPort}\\n  middlewares:\\n    - name: auth\\n      options:\\n        method: POST\\n        url: http://localhost:${GatewayServer.HttpPort}/usercenter/api/v1/auth\\n  path: /partyaffairs/client/*\\n  protocol: HTTP\\n  responseFormat: true\\n  timeout: ${PartyAffairsServer.Timeout}\\n\",\"cur\":\"- backends:\\n    - target: ${ManagerServer.Host}:${ManagerServer.HttpPort}\\n  path: /manager/api/*\\n  protocol: HTTP\\n  responseFormat: true\\n  timeout: ${ManagerServer.Timeout}\\n- backends:\\n    - target: ${ManagerServer.Host}:${ManagerServer.HttpPort}\\n  middlewares:\\n    - name: auth\\n      options:\\n        method: POST\\n        url: http://localhost:${GatewayServer.HttpPort}/usercenter/client/v1/auth\\n  path: /manager/client/*\\n  protocol: HTTP\\n  responseFormat: true\\n  timeout: ${ManagerServer.Timeout}\\n- backends:\\n    - target: ${ConfigureServer.Host}:${ConfigureServer.HttpPort}\\n  middlewares:\\n    - name: auth\\n      options:\\n        method: POST\\n        url: http://localhost:${GatewayServer.HttpPort}/manager/api/v1/auth\\n  path: /configure/api/*\\n  protocol: HTTP\\n  responseFormat: true\\n  timeout: ${ConfigureServer.Timeout}\\n- backends:\\n    - target: ${ResourceServer.Host}:${ResourceServer.HttpPort}\\n  middlewares:\\n    - name: auth\\n      options:\\n        method: POST\\n        url: http://localhost:${GatewayServer.HttpPort}/manager/api/v1/auth\\n        whiteList:\\n            - method: GET\\n              path: /resource/api/v1/static/*\\n            - method: GET\\n              path: /resource/api/v1/download/*\\n  path: /resource/api/*\\n  protocol: HTTP\\n  responseFormat: true\\n  timeout: ${ResourceServer.Timeout}\\n- backends:\\n    - target: ${ResourceServer.Host}:${ResourceServer.HttpPort}\\n  middlewares:\\n    - name: auth\\n      options:\\n        method: POST\\n        url: http://localhost:${GatewayServer.HttpPort}/usercenter/client/v1/auth\\n  path: /resource/client/*\\n  protocol: HTTP\\n  responseFormat: true\\n  timeout: ${ResourceServer.Timeout}\\n- backends:\\n    - target: ${UserCenterServer.Host}:${UserCenterServer.HttpPort}\\n  middlewares:\\n    - name: auth\\n      options:\\n        method: POST\\n        url: http://localhost:${GatewayServer.HttpPort}/manager/api/v1/auth\\n  path: /usercenter/api/*\\n  protocol: HTTP\\n  responseFormat: true\\n  timeout: ${UserCenterServer.Timeout}\\n- backends:\\n    - target: ${UserCenterServer.Host}:${UserCenterServer.HttpPort}\\n  path: /usercenter/client/*\\n  protocol: HTTP\\n  responseFormat: true\\n  timeout: ${UserCenterServer.Timeout}\\n- backends:\\n    - target: ${CronServer.Host}:${CronServer.HttpPort}\\n  middlewares:\\n    - name: auth\\n      options:\\n        method: POST\\n        url: http://localhost:${GatewayServer.HttpPort}/manager/api/v1/auth\\n  path: /cron/api/*\\n  protocol: HTTP\\n  responseFormat: true\\n  timeout: ${CronServer.Timeout}\\n- backends:\\n    - target: ${PartyAffairsServer.Host}:${PartyAffairsServer.HttpPort}\\n  middlewares:\\n    - name: auth\\n      options:\\n        method: POST\\n        url: http://localhost:${GatewayServer.HttpPort}/manager/api/v1/auth\\n  path: /partyaffairs/api/*\\n  protocol: HTTP\\n  responseFormat: true\\n  timeout: ${PartyAffairsServer.Timeout}\\n- backends:\\n    - target: ${PartyAffairsServer.Host}:${PartyAffairsServer.HttpPort}\\n  middlewares:\\n    - name: auth\\n      options:\\n        method: POST\\n        url: http://localhost:${GatewayServer.HttpPort}/usercenter/api/v1/auth\\n  path: /partyaffairs/client/*\\n  protocol: HTTP\\n  responseFormat: true\\n  timeout: ${PartyAffairsServer.Timeout}\\n\"}]'),
                                                                                                                                               (22, 1719634360, 1719719677, 4, '\nenv: ${Env.Keyword}\nserver:\n  http:\n    host: ${CronServer.Host}\n    port: ${CronServer.HttpPort}\n    timeout: ${CronServer.Timeout}\n    marshal:\n      emitUnpopulated: true\n      useProtoNames: true\n  grpc:\n    host: ${CronServer.Host}\n    port: ${CronServer.GrpcPort}\n    timeout: ${CronServer.Timeout}\nlog:\n  level: 0\n  caller: true\n  output:\n    - stdout\n    - file\n  file:\n    name: ./tmp/runtime/output.log\n    maxSize: 1\n    maxBackup: 5\n    maxAge: 1\n    compress: false\ndatabase:\n  system:\n    enable: true #是否启用数据库\n    drive: ${CronDatabase.Type} #数据库类型\n    autoCreate: true #是否自动创建数据库\n    connect:\n      username: ${CronDatabase.Username}\n      password: ${CronDatabase.Password}\n      host: ${CronDatabase.Host}\n      port: ${CronDatabase.Port}\n      dbName: ${CronDatabase.Database}\n      option: ${CronDatabase.Option}\n    config:\n      transformError:\n        enable: true\n      initializer:\n        enable: true\n        path: deploy/data.sql\n      maxLifetime: 2h #最大生存时间\n      maxOpenConn: 20 #最大连接数量\n      maxIdleConn: 10 #最大空闲数量\n      logLevel: 4 #日志等级\n      slowThreshold: 2s #慢sql阈值\npool: #并非池配置\n  size: 10000 #最大协程数量\n  expiryDuration: 30s #过期时间\n  preAlloc: true #是否预分配\n  maxBlockingTasks: 1000 #最大的并发任务\n  nonblocking: true #设置为true时maxBlockingTasks将失效，不限制并发任务\nbusiness:\n  key: value\n', 'C5A5395CF93921829673B76AEFC4AE1A', 0, 'yaml', '初始化模板', '[{\"type\":\"update\",\"key\":\"log\",\"old\":\"file:\\n    compress: false\\n    maxAge: 1\\n    maxBackup: 5\\n    maxSize: 1\\n    name: ./tmp/runtime/output.log\\nlevel: 0\\noutput:\\n    - stdout\\n    - file\\n\",\"cur\":\"caller: true\\nfile:\\n    compress: false\\n    maxAge: 1\\n    maxBackup: 5\\n    maxSize: 1\\n    name: ./tmp/runtime/output.log\\nlevel: 0\\noutput:\\n    - stdout\\n    - file\\n\"},{\"type\":\"update\",\"key\":\"database\",\"old\":\"system:\\n    autoCreate: true\\n    config:\\n        initializer:\\n            enable: true\\n            path: deploy/data.sql\\n        logLevel: 3\\n        maxIdleConn: 10\\n        maxLifetime: 2h\\n        maxOpenConn: 20\\n        slowThreshold: 2s\\n        transformError:\\n            enable: true\\n    connect:\\n        dbName: ${CronDatabase.Database}\\n        host: ${CronDatabase.Host}\\n        option: ${CronDatabase.Option}\\n        password: ${CronDatabase.Password}\\n        port: ${CronDatabase.Port}\\n        username: ${CronDatabase.Username}\\n    drive: ${CronDatabase.Type}\\n    enable: true\\n\",\"cur\":\"system:\\n    autoCreate: true\\n    config:\\n        initializer:\\n            enable: true\\n            path: deploy/data.sql\\n        logLevel: 4\\n        maxIdleConn: 10\\n        maxLifetime: 2h\\n        maxOpenConn: 20\\n        slowThreshold: 2s\\n        transformError:\\n            enable: true\\n    connect:\\n        dbName: ${CronDatabase.Database}\\n        host: ${CronDatabase.Host}\\n        option: ${CronDatabase.Option}\\n        password: ${CronDatabase.Password}\\n        port: ${CronDatabase.Port}\\n        username: ${CronDatabase.Username}\\n    drive: ${CronDatabase.Type}\\n    enable: true\\n\"}]'),
                                                                                                                                               (23, 1719719677, 1719719677, 4, '\nenv: ${Env.Keyword}\nserver:\n  http:\n    host: ${CronServer.Host}\n    port: ${CronServer.HttpPort}\n    timeout: ${CronServer.Timeout}\n    marshal:\n      emitUnpopulated: true\n      useProtoNames: true\n  grpc:\n    host: ${CronServer.Host}\n    port: ${CronServer.GrpcPort}\n    timeout: ${CronServer.Timeout}\nlog:\n  level: 0\n  caller: true\n  output:\n    - stdout\n    - file\n  file:\n    name: ./tmp/runtime/output.log\n    maxSize: 1\n    maxBackup: 5\n    maxAge: 1\n    compress: true\nredis:\n  cache:\n    enable: true\n    host: ${Redis.Host}:${Redis.Port}\n    username: ${Redis.Username}\n    password: ${Redis.Password}\ndatabase:\n  system:\n    enable: true #是否启用数据库\n    drive: ${CronDatabase.Type} #数据库类型\n    autoCreate: true #是否自动创建数据库\n    connect:\n      username: ${CronDatabase.Username}\n      password: ${CronDatabase.Password}\n      host: ${CronDatabase.Host}\n      port: ${CronDatabase.Port}\n      dbName: ${CronDatabase.Database}\n      option: ${CronDatabase.Option}\n    config:\n      transformError:\n        enable: true\n      initializer:\n        enable: true\n        path: deploy/data.sql\n      maxLifetime: 2h #最大生存时间\n      maxOpenConn: 20 #最大连接数量\n      maxIdleConn: 10 #最大空闲数量\n      logLevel: 4 #日志等级\n      slowThreshold: 2s #慢sql阈值\npool: #并非池配置\n  size: 10000 #最大协程数量\n  expiryDuration: 30s #过期时间\n  preAlloc: true #是否预分配\n  maxBlockingTasks: 1000 #最大的并发任务\n  nonblocking: true #设置为true时maxBlockingTasks将失效，不限制并发任务\nbusiness:\n  key: value\n', '2494002DB6A751C727E337352C1084CA', 1, 'yaml', '初始化模板', '[{\"type\":\"add\",\"key\":\"redis\",\"old\":\"\",\"cur\":\"cache:\\n    enable: true\\n    host: ${Redis.Host}:${Redis.Port}\\n    password: ${Redis.Password}\\n    username: ${Redis.Username}\\n\"},{\"type\":\"update\",\"key\":\"log\",\"old\":\"caller: true\\nfile:\\n    compress: false\\n    maxAge: 1\\n    maxBackup: 5\\n    maxSize: 1\\n    name: ./tmp/runtime/output.log\\nlevel: 0\\noutput:\\n    - stdout\\n    - file\\n\",\"cur\":\"caller: true\\nfile:\\n    compress: true\\n    maxAge: 1\\n    maxBackup: 5\\n    maxSize: 1\\n    name: ./tmp/runtime/output.log\\nlevel: 0\\noutput:\\n    - stdout\\n    - file\\n\"}]'),
                                                                                                                                               (24, 1720283172, 1728071372, 6, '\nenv: ${Env.Keyword}\nserver:\n  http:\n    host: ${PartyAffairsServer.Host}\n    port: ${PartyAffairsServer.HttpPort}\n    timeout: ${PartyAffairsServer.Timeout}\n    marshal:\n      emitUnpopulated: true\n      useProtoNames: true\n  grpc:\n    host: ${PartyAffairsServer.Host}\n    port: ${PartyAffairsServer.GrpcPort}\n    timeout: ${PartyAffairsServer.Timeout}\nclient:\n  - server: Resource\n    type: direct\n    backends:\n      - target: ${ResourceServer.Host}:${ResourceServer.GrpcPort}\n  - server: UserCenter\n    type: direct\n    backends:\n      - target: ${UserCenterServer.Host}:${UserCenterServer.GrpcPort}\nlog:\n  level: 0\n  output:\n    - stdout\n    - file\n  file:\n    name: ./tmp/runtime/output.log\n    maxSize: 1\n    maxBackup: 5\n    maxAge: 1\n    compress: false\ndatabase:\n  system:\n    enable: true #是否启用数据库\n    drive: ${PartyAffairsDatabase.Type} #数据库类型\n    autoCreate: true #是否自动创建数据库\n    connect:\n      username: ${PartyAffairsDatabase.Username}\n      password: ${PartyAffairsDatabase.Password}\n      host: ${PartyAffairsDatabase.Host}\n      port: ${PartyAffairsDatabase.Port}\n      dbName: ${PartyAffairsDatabase.Database}\n      option: ${PartyAffairsDatabase.Option}\n    config:\n      transformError:\n        enable: true\n      initializer:\n        enable: true\n        path: deploy/data.sql\n      maxLifetime: 2h #最大生存时间\n      maxOpenConn: 20 #最大连接数量\n      maxIdleConn: 10 #最大空闲数量\n      logLevel: 4 #日志等级\n      slowThreshold: 2s #慢sql阈值\n', '5080946CA7F15A5B8AC9F29648DD41EA', 0, 'yaml', '1', '[{\"type\":\"del\",\"key\":\"business\",\"old\":\"auth:\\n    yiBan:\\n        appId: e4750b34230b48e1\\n        appSecret: b0891a7f6018e5a76b085e3cb9548edd\\n\",\"cur\":\"\"}]'),
                                                                                                                                               (25, 1720323538, 1728064733, 1, 'addr: 0.0.0.0:${GatewayServer.HttpPort}\nname: gateway\nversion: v1\nmiddlewares:\n  - name: bbr\n  - name: cors\n    options:\n      allowCredentials: true\n      allowOrigins:\n        - \'*\'\n      allowMethods:\n        - GET\n        - POST\n        - PUT\n        - DELETE\n        - OPTIONS\n      AllowHeaders:\n        - Content-Type\n        - Content-Length\n        - Authorization\n      ExposeHeaders:\n        - Content-Length\n        - Access-Control-Allow-Headers\n  - name: tracing\n  - name: logging\n  - name: transcoder\nendpoints:\n  - path: /manager/api/*\n    timeout: ${ManagerServer.Timeout}\n    protocol: HTTP\n    responseFormat: true\n    backends:\n      - target: ${ManagerServer.Host}:${ManagerServer.HttpPort}\n  - path: /manager/client/*\n    timeout: ${ManagerServer.Timeout}\n    protocol: HTTP\n    responseFormat: true\n    backends:\n      - target: ${ManagerServer.Host}:${ManagerServer.HttpPort}\n    middlewares:\n      - name: auth\n        options:\n          url: http://localhost:${GatewayServer.HttpPort}/usercenter/client/v1/auth\n          method: POST\n  - path: /configure/api/*\n    timeout: ${ConfigureServer.Timeout}\n    protocol: HTTP\n    responseFormat: true\n    backends:\n      - target: ${ConfigureServer.Host}:${ConfigureServer.HttpPort}\n    middlewares:\n      - name: auth\n        options:\n          url: http://localhost:${GatewayServer.HttpPort}/manager/api/v1/auth\n          method: POST\n  - path: /resource/api/*\n    timeout: ${ResourceServer.Timeout}\n    protocol: HTTP\n    responseFormat: true\n    backends:\n      - target: ${ResourceServer.Host}:${ResourceServer.HttpPort}\n    middlewares:\n      - name: auth\n        options:\n          url: http://localhost:${GatewayServer.HttpPort}/manager/api/v1/auth\n          method: POST\n          whiteList:\n            - path: /resource/api/v1/static/*\n              method: GET\n            - path: /resource/api/v1/download/*\n              method: GET\n  - path: /resource/client/*\n    timeout: ${ResourceServer.Timeout}\n    protocol: HTTP\n    responseFormat: true\n    backends:\n      - target: ${ResourceServer.Host}:${ResourceServer.HttpPort}\n    middlewares:\n      - name: auth\n        options:\n          url: http://localhost:${GatewayServer.HttpPort}/usercenter/client/v1/auth\n          method: POST\n  - path: /usercenter/api/*\n    timeout: ${UserCenterServer.Timeout}\n    protocol: HTTP\n    responseFormat: true\n    backends:\n      - target: ${UserCenterServer.Host}:${UserCenterServer.HttpPort}\n    middlewares:\n      - name: auth\n        options:\n          url: http://localhost:${GatewayServer.HttpPort}/manager/api/v1/auth\n          method: POST\n          whiteList:\n            - path: /manager/api/v1/auth\n              method: POST\n  - path: /usercenter/client/*\n    timeout: ${UserCenterServer.Timeout}\n    protocol: HTTP\n    responseFormat: true\n    backends:\n      - target: ${UserCenterServer.Host}:${UserCenterServer.HttpPort}\n  - path: /cron/api/*\n    timeout: ${CronServer.Timeout}\n    protocol: HTTP\n    responseFormat: true\n    backends:\n      - target: ${CronServer.Host}:${CronServer.HttpPort}\n    middlewares:\n      - name: auth\n        options:\n          url: http://localhost:${GatewayServer.HttpPort}/manager/api/v1/auth\n          method: POST\n  - path: /partyaffairs/api/*\n    timeout: ${PartyAffairsServer.Timeout}\n    protocol: HTTP\n    responseFormat: true\n    backends:\n      - target: ${PartyAffairsServer.Host}:${PartyAffairsServer.HttpPort}\n    middlewares:\n      - name: auth\n        options:\n          url: http://localhost:${GatewayServer.HttpPort}/manager/api/v1/auth\n          method: POST\n  - path: /partyaffairs/client/*\n    timeout: ${PartyAffairsServer.Timeout}\n    protocol: HTTP\n    responseFormat: true\n    backends:\n      - target: ${PartyAffairsServer.Host}:${PartyAffairsServer.HttpPort}\n    middlewares:\n      - name: auth\n        options:\n          url: http://localhost:${GatewayServer.HttpPort}/usercenter/api/v1/auth\n          method: POST', '1802390697E147D536FEFB858CBB09BE', 0, 'yaml', '新增usercenter auth', '[{\"type\":\"update\",\"key\":\"endpoints\",\"old\":\"- backends:\\n    - target: ${ManagerServer.Host}:${ManagerServer.HttpPort}\\n  path: /manager/api/*\\n  protocol: HTTP\\n  responseFormat: true\\n  timeout: ${ManagerServer.Timeout}\\n- backends:\\n    - target: ${ManagerServer.Host}:${ManagerServer.HttpPort}\\n  middlewares:\\n    - name: auth\\n      options:\\n        method: POST\\n        url: http://localhost:${GatewayServer.HttpPort}/usercenter/client/v1/auth\\n  path: /manager/client/*\\n  protocol: HTTP\\n  responseFormat: true\\n  timeout: ${ManagerServer.Timeout}\\n- backends:\\n    - target: ${ConfigureServer.Host}:${ConfigureServer.HttpPort}\\n  middlewares:\\n    - name: auth\\n      options:\\n        method: POST\\n        url: http://localhost:${GatewayServer.HttpPort}/manager/api/v1/auth\\n  path: /configure/api/*\\n  protocol: HTTP\\n  responseFormat: true\\n  timeout: ${ConfigureServer.Timeout}\\n- backends:\\n    - target: ${ResourceServer.Host}:${ResourceServer.HttpPort}\\n  middlewares:\\n    - name: auth\\n      options:\\n        method: POST\\n        url: http://localhost:${GatewayServer.HttpPort}/manager/api/v1/auth\\n        whiteList:\\n            - method: GET\\n              path: /resource/api/v1/static/*\\n            - method: GET\\n              path: /resource/api/v1/download/*\\n  path: /resource/api/*\\n  protocol: HTTP\\n  responseFormat: true\\n  timeout: ${ResourceServer.Timeout}\\n- backends:\\n    - target: ${ResourceServer.Host}:${ResourceServer.HttpPort}\\n  middlewares:\\n    - name: auth\\n      options:\\n        method: POST\\n        url: http://localhost:${GatewayServer.HttpPort}/usercenter/client/v1/auth\\n  path: /resource/client/*\\n  protocol: HTTP\\n  responseFormat: true\\n  timeout: ${ResourceServer.Timeout}\\n- backends:\\n    - target: ${UserCenterServer.Host}:${UserCenterServer.HttpPort}\\n  middlewares:\\n    - name: auth\\n      options:\\n        method: POST\\n        url: http://localhost:${GatewayServer.HttpPort}/manager/api/v1/auth\\n  path: /usercenter/api/*\\n  protocol: HTTP\\n  responseFormat: true\\n  timeout: ${UserCenterServer.Timeout}\\n- backends:\\n    - target: ${UserCenterServer.Host}:${UserCenterServer.HttpPort}\\n  path: /usercenter/client/*\\n  protocol: HTTP\\n  responseFormat: true\\n  timeout: ${UserCenterServer.Timeout}\\n- backends:\\n    - target: ${CronServer.Host}:${CronServer.HttpPort}\\n  middlewares:\\n    - name: auth\\n      options:\\n        method: POST\\n        url: http://localhost:${GatewayServer.HttpPort}/manager/api/v1/auth\\n  path: /cron/api/*\\n  protocol: HTTP\\n  responseFormat: true\\n  timeout: ${CronServer.Timeout}\\n- backends:\\n    - target: ${PartyAffairsServer.Host}:${PartyAffairsServer.HttpPort}\\n  middlewares:\\n    - name: auth\\n      options:\\n        method: POST\\n        url: http://localhost:${GatewayServer.HttpPort}/manager/api/v1/auth\\n  path: /partyaffairs/api/*\\n  protocol: HTTP\\n  responseFormat: true\\n  timeout: ${PartyAffairsServer.Timeout}\\n- backends:\\n    - target: ${PartyAffairsServer.Host}:${PartyAffairsServer.HttpPort}\\n  middlewares:\\n    - name: auth\\n      options:\\n        method: POST\\n        url: http://localhost:${GatewayServer.HttpPort}/usercenter/api/v1/auth\\n  path: /partyaffairs/client/*\\n  protocol: HTTP\\n  responseFormat: true\\n  timeout: ${PartyAffairsServer.Timeout}\\n\",\"cur\":\"- backends:\\n    - target: ${ManagerServer.Host}:${ManagerServer.HttpPort}\\n  path: /manager/api/*\\n  protocol: HTTP\\n  responseFormat: true\\n  timeout: ${ManagerServer.Timeout}\\n- backends:\\n    - target: ${ManagerServer.Host}:${ManagerServer.HttpPort}\\n  middlewares:\\n    - name: auth\\n      options:\\n        method: POST\\n        url: http://localhost:${GatewayServer.HttpPort}/usercenter/client/v1/auth\\n  path: /manager/client/*\\n  protocol: HTTP\\n  responseFormat: true\\n  timeout: ${ManagerServer.Timeout}\\n- backends:\\n    - target: ${ConfigureServer.Host}:${ConfigureServer.HttpPort}\\n  middlewares:\\n    - name: auth\\n      options:\\n        method: POST\\n        url: http://localhost:${GatewayServer.HttpPort}/manager/api/v1/auth\\n  path: /configure/api/*\\n  protocol: HTTP\\n  responseFormat: true\\n  timeout: ${ConfigureServer.Timeout}\\n- backends:\\n    - target: ${ResourceServer.Host}:${ResourceServer.HttpPort}\\n  middlewares:\\n    - name: auth\\n      options:\\n        method: POST\\n        url: http://localhost:${GatewayServer.HttpPort}/manager/api/v1/auth\\n        whiteList:\\n            - method: GET\\n              path: /resource/api/v1/static/*\\n            - method: GET\\n              path: /resource/api/v1/download/*\\n  path: /resource/api/*\\n  protocol: HTTP\\n  responseFormat: true\\n  timeout: ${ResourceServer.Timeout}\\n- backends:\\n    - target: ${ResourceServer.Host}:${ResourceServer.HttpPort}\\n  middlewares:\\n    - name: auth\\n      options:\\n        method: POST\\n        url: http://localhost:${GatewayServer.HttpPort}/usercenter/client/v1/auth\\n  path: /resource/client/*\\n  protocol: HTTP\\n  responseFormat: true\\n  timeout: ${ResourceServer.Timeout}\\n- backends:\\n    - target: ${UserCenterServer.Host}:${UserCenterServer.HttpPort}\\n  middlewares:\\n    - name: auth\\n      options:\\n        method: POST\\n        url: http://localhost:${GatewayServer.HttpPort}/manager/api/v1/auth\\n        whiteList:\\n            - method: POST\\n              path: /manager/api/v1/auth\\n  path: /usercenter/api/*\\n  protocol: HTTP\\n  responseFormat: true\\n  timeout: ${UserCenterServer.Timeout}\\n- backends:\\n    - target: ${UserCenterServer.Host}:${UserCenterServer.HttpPort}\\n  path: /usercenter/client/*\\n  protocol: HTTP\\n  responseFormat: true\\n  timeout: ${UserCenterServer.Timeout}\\n- backends:\\n    - target: ${CronServer.Host}:${CronServer.HttpPort}\\n  middlewares:\\n    - name: auth\\n      options:\\n        method: POST\\n        url: http://localhost:${GatewayServer.HttpPort}/manager/api/v1/auth\\n  path: /cron/api/*\\n  protocol: HTTP\\n  responseFormat: true\\n  timeout: ${CronServer.Timeout}\\n- backends:\\n    - target: ${PartyAffairsServer.Host}:${PartyAffairsServer.HttpPort}\\n  middlewares:\\n    - name: auth\\n      options:\\n        method: POST\\n        url: http://localhost:${GatewayServer.HttpPort}/manager/api/v1/auth\\n  path: /partyaffairs/api/*\\n  protocol: HTTP\\n  responseFormat: true\\n  timeout: ${PartyAffairsServer.Timeout}\\n- backends:\\n    - target: ${PartyAffairsServer.Host}:${PartyAffairsServer.HttpPort}\\n  middlewares:\\n    - name: auth\\n      options:\\n        method: POST\\n        url: http://localhost:${GatewayServer.HttpPort}/usercenter/api/v1/auth\\n  path: /partyaffairs/client/*\\n  protocol: HTTP\\n  responseFormat: true\\n  timeout: ${PartyAffairsServer.Timeout}\\n\"}]'),
                                                                                                                                               (26, 1720323609, 1728064733, 1, 'addr: 0.0.0.0:${GatewayServer.HttpPort}\nname: gateway\nversion: v1\nmiddlewares:\n  - name: bbr\n  - name: cors\n    options:\n      allowCredentials: true\n      allowOrigins:\n        - \'*\'\n      allowMethods:\n        - GET\n        - POST\n        - PUT\n        - DELETE\n        - OPTIONS\n      AllowHeaders:\n        - Content-Type\n        - Content-Length\n        - Authorization\n      ExposeHeaders:\n        - Content-Length\n        - Access-Control-Allow-Headers\n  - name: tracing\n  - name: logging\n  - name: transcoder\nendpoints:\n  - path: /manager/api/*\n    timeout: ${ManagerServer.Timeout}\n    protocol: HTTP\n    responseFormat: true\n    backends:\n      - target: ${ManagerServer.Host}:${ManagerServer.HttpPort}\n  - path: /manager/client/*\n    timeout: ${ManagerServer.Timeout}\n    protocol: HTTP\n    responseFormat: true\n    backends:\n      - target: ${ManagerServer.Host}:${ManagerServer.HttpPort}\n    middlewares:\n      - name: auth\n        options:\n          url: http://localhost:${GatewayServer.HttpPort}/usercenter/client/v1/auth\n          method: POST\n  - path: /configure/api/*\n    timeout: ${ConfigureServer.Timeout}\n    protocol: HTTP\n    responseFormat: true\n    backends:\n      - target: ${ConfigureServer.Host}:${ConfigureServer.HttpPort}\n    middlewares:\n      - name: auth\n        options:\n          url: http://localhost:${GatewayServer.HttpPort}/manager/api/v1/auth\n          method: POST\n  - path: /resource/api/*\n    timeout: ${ResourceServer.Timeout}\n    protocol: HTTP\n    responseFormat: true\n    backends:\n      - target: ${ResourceServer.Host}:${ResourceServer.HttpPort}\n    middlewares:\n      - name: auth\n        options:\n          url: http://localhost:${GatewayServer.HttpPort}/manager/api/v1/auth\n          method: POST\n          whiteList:\n            - path: /resource/api/v1/static/*\n              method: GET\n            - path: /resource/api/v1/download/*\n              method: GET\n  - path: /resource/client/*\n    timeout: ${ResourceServer.Timeout}\n    protocol: HTTP\n    responseFormat: true\n    backends:\n      - target: ${ResourceServer.Host}:${ResourceServer.HttpPort}\n    middlewares:\n      - name: auth\n        options:\n          url: http://localhost:${GatewayServer.HttpPort}/usercenter/client/v1/auth\n          method: POST\n  - path: /usercenter/api/*\n    timeout: ${UserCenterServer.Timeout}\n    protocol: HTTP\n    responseFormat: true\n    backends:\n      - target: ${UserCenterServer.Host}:${UserCenterServer.HttpPort}\n    middlewares:\n      - name: auth\n        options:\n          url: http://localhost:${GatewayServer.HttpPort}/manager/api/v1/auth\n          method: POST\n          whiteList:\n            - path: /usercenter/api/v1/auth\n              method: POST\n  - path: /usercenter/client/*\n    timeout: ${UserCenterServer.Timeout}\n    protocol: HTTP\n    responseFormat: true\n    backends:\n      - target: ${UserCenterServer.Host}:${UserCenterServer.HttpPort}\n  - path: /cron/api/*\n    timeout: ${CronServer.Timeout}\n    protocol: HTTP\n    responseFormat: true\n    backends:\n      - target: ${CronServer.Host}:${CronServer.HttpPort}\n    middlewares:\n      - name: auth\n        options:\n          url: http://localhost:${GatewayServer.HttpPort}/manager/api/v1/auth\n          method: POST\n  - path: /partyaffairs/api/*\n    timeout: ${PartyAffairsServer.Timeout}\n    protocol: HTTP\n    responseFormat: true\n    backends:\n      - target: ${PartyAffairsServer.Host}:${PartyAffairsServer.HttpPort}\n    middlewares:\n      - name: auth\n        options:\n          url: http://localhost:${GatewayServer.HttpPort}/manager/api/v1/auth\n          method: POST\n  - path: /partyaffairs/client/*\n    timeout: ${PartyAffairsServer.Timeout}\n    protocol: HTTP\n    responseFormat: true\n    backends:\n      - target: ${PartyAffairsServer.Host}:${PartyAffairsServer.HttpPort}\n    middlewares:\n      - name: auth\n        options:\n          url: http://localhost:${GatewayServer.HttpPort}/usercenter/api/v1/auth\n          method: POST', '6ED76BB69C66544B238C0F7CF70951FB', 0, 'yaml', '1', '[{\"type\":\"update\",\"key\":\"endpoints\",\"old\":\"- backends:\\n    - target: ${ManagerServer.Host}:${ManagerServer.HttpPort}\\n  path: /manager/api/*\\n  protocol: HTTP\\n  responseFormat: true\\n  timeout: ${ManagerServer.Timeout}\\n- backends:\\n    - target: ${ManagerServer.Host}:${ManagerServer.HttpPort}\\n  middlewares:\\n    - name: auth\\n      options:\\n        method: POST\\n        url: http://localhost:${GatewayServer.HttpPort}/usercenter/client/v1/auth\\n  path: /manager/client/*\\n  protocol: HTTP\\n  responseFormat: true\\n  timeout: ${ManagerServer.Timeout}\\n- backends:\\n    - target: ${ConfigureServer.Host}:${ConfigureServer.HttpPort}\\n  middlewares:\\n    - name: auth\\n      options:\\n        method: POST\\n        url: http://localhost:${GatewayServer.HttpPort}/manager/api/v1/auth\\n  path: /configure/api/*\\n  protocol: HTTP\\n  responseFormat: true\\n  timeout: ${ConfigureServer.Timeout}\\n- backends:\\n    - target: ${ResourceServer.Host}:${ResourceServer.HttpPort}\\n  middlewares:\\n    - name: auth\\n      options:\\n        method: POST\\n        url: http://localhost:${GatewayServer.HttpPort}/manager/api/v1/auth\\n        whiteList:\\n            - method: GET\\n              path: /resource/api/v1/static/*\\n            - method: GET\\n              path: /resource/api/v1/download/*\\n  path: /resource/api/*\\n  protocol: HTTP\\n  responseFormat: true\\n  timeout: ${ResourceServer.Timeout}\\n- backends:\\n    - target: ${ResourceServer.Host}:${ResourceServer.HttpPort}\\n  middlewares:\\n    - name: auth\\n      options:\\n        method: POST\\n        url: http://localhost:${GatewayServer.HttpPort}/usercenter/client/v1/auth\\n  path: /resource/client/*\\n  protocol: HTTP\\n  responseFormat: true\\n  timeout: ${ResourceServer.Timeout}\\n- backends:\\n    - target: ${UserCenterServer.Host}:${UserCenterServer.HttpPort}\\n  middlewares:\\n    - name: auth\\n      options:\\n        method: POST\\n        url: http://localhost:${GatewayServer.HttpPort}/manager/api/v1/auth\\n        whiteList:\\n            - method: POST\\n              path: /manager/api/v1/auth\\n  path: /usercenter/api/*\\n  protocol: HTTP\\n  responseFormat: true\\n  timeout: ${UserCenterServer.Timeout}\\n- backends:\\n    - target: ${UserCenterServer.Host}:${UserCenterServer.HttpPort}\\n  path: /usercenter/client/*\\n  protocol: HTTP\\n  responseFormat: true\\n  timeout: ${UserCenterServer.Timeout}\\n- backends:\\n    - target: ${CronServer.Host}:${CronServer.HttpPort}\\n  middlewares:\\n    - name: auth\\n      options:\\n        method: POST\\n        url: http://localhost:${GatewayServer.HttpPort}/manager/api/v1/auth\\n  path: /cron/api/*\\n  protocol: HTTP\\n  responseFormat: true\\n  timeout: ${CronServer.Timeout}\\n- backends:\\n    - target: ${PartyAffairsServer.Host}:${PartyAffairsServer.HttpPort}\\n  middlewares:\\n    - name: auth\\n      options:\\n        method: POST\\n        url: http://localhost:${GatewayServer.HttpPort}/manager/api/v1/auth\\n  path: /partyaffairs/api/*\\n  protocol: HTTP\\n  responseFormat: true\\n  timeout: ${PartyAffairsServer.Timeout}\\n- backends:\\n    - target: ${PartyAffairsServer.Host}:${PartyAffairsServer.HttpPort}\\n  middlewares:\\n    - name: auth\\n      options:\\n        method: POST\\n        url: http://localhost:${GatewayServer.HttpPort}/usercenter/api/v1/auth\\n  path: /partyaffairs/client/*\\n  protocol: HTTP\\n  responseFormat: true\\n  timeout: ${PartyAffairsServer.Timeout}\\n\",\"cur\":\"- backends:\\n    - target: ${ManagerServer.Host}:${ManagerServer.HttpPort}\\n  path: /manager/api/*\\n  protocol: HTTP\\n  responseFormat: true\\n  timeout: ${ManagerServer.Timeout}\\n- backends:\\n    - target: ${ManagerServer.Host}:${ManagerServer.HttpPort}\\n  middlewares:\\n    - name: auth\\n      options:\\n        method: POST\\n        url: http://localhost:${GatewayServer.HttpPort}/usercenter/client/v1/auth\\n  path: /manager/client/*\\n  protocol: HTTP\\n  responseFormat: true\\n  timeout: ${ManagerServer.Timeout}\\n- backends:\\n    - target: ${ConfigureServer.Host}:${ConfigureServer.HttpPort}\\n  middlewares:\\n    - name: auth\\n      options:\\n        method: POST\\n        url: http://localhost:${GatewayServer.HttpPort}/manager/api/v1/auth\\n  path: /configure/api/*\\n  protocol: HTTP\\n  responseFormat: true\\n  timeout: ${ConfigureServer.Timeout}\\n- backends:\\n    - target: ${ResourceServer.Host}:${ResourceServer.HttpPort}\\n  middlewares:\\n    - name: auth\\n      options:\\n        method: POST\\n        url: http://localhost:${GatewayServer.HttpPort}/manager/api/v1/auth\\n        whiteList:\\n            - method: GET\\n              path: /resource/api/v1/static/*\\n            - method: GET\\n              path: /resource/api/v1/download/*\\n  path: /resource/api/*\\n  protocol: HTTP\\n  responseFormat: true\\n  timeout: ${ResourceServer.Timeout}\\n- backends:\\n    - target: ${ResourceServer.Host}:${ResourceServer.HttpPort}\\n  middlewares:\\n    - name: auth\\n      options:\\n        method: POST\\n        url: http://localhost:${GatewayServer.HttpPort}/usercenter/client/v1/auth\\n  path: /resource/client/*\\n  protocol: HTTP\\n  responseFormat: true\\n  timeout: ${ResourceServer.Timeout}\\n- backends:\\n    - target: ${UserCenterServer.Host}:${UserCenterServer.HttpPort}\\n  middlewares:\\n    - name: auth\\n      options:\\n        method: POST\\n        url: http://localhost:${GatewayServer.HttpPort}/manager/api/v1/auth\\n        whiteList:\\n            - method: POST\\n              path: /usercenter/api/v1/auth\\n  path: /usercenter/api/*\\n  protocol: HTTP\\n  responseFormat: true\\n  timeout: ${UserCenterServer.Timeout}\\n- backends:\\n    - target: ${UserCenterServer.Host}:${UserCenterServer.HttpPort}\\n  path: /usercenter/client/*\\n  protocol: HTTP\\n  responseFormat: true\\n  timeout: ${UserCenterServer.Timeout}\\n- backends:\\n    - target: ${CronServer.Host}:${CronServer.HttpPort}\\n  middlewares:\\n    - name: auth\\n      options:\\n        method: POST\\n        url: http://localhost:${GatewayServer.HttpPort}/manager/api/v1/auth\\n  path: /cron/api/*\\n  protocol: HTTP\\n  responseFormat: true\\n  timeout: ${CronServer.Timeout}\\n- backends:\\n    - target: ${PartyAffairsServer.Host}:${PartyAffairsServer.HttpPort}\\n  middlewares:\\n    - name: auth\\n      options:\\n        method: POST\\n        url: http://localhost:${GatewayServer.HttpPort}/manager/api/v1/auth\\n  path: /partyaffairs/api/*\\n  protocol: HTTP\\n  responseFormat: true\\n  timeout: ${PartyAffairsServer.Timeout}\\n- backends:\\n    - target: ${PartyAffairsServer.Host}:${PartyAffairsServer.HttpPort}\\n  middlewares:\\n    - name: auth\\n      options:\\n        method: POST\\n        url: http://localhost:${GatewayServer.HttpPort}/usercenter/api/v1/auth\\n  path: /partyaffairs/client/*\\n  protocol: HTTP\\n  responseFormat: true\\n  timeout: ${PartyAffairsServer.Timeout}\\n\"}]');
INSERT INTO `template` (`id`, `created_at`, `updated_at`, `server_id`, `content`, `version`, `is_use`, `format`, `description`, `compare`) VALUES
                                                                                                                                               (27, 1720323742, 1728064733, 1, 'addr: 0.0.0.0:${GatewayServer.HttpPort}\nname: gateway\nversion: v1\nmiddlewares:\n  - name: bbr\n  - name: cors\n    options:\n      allowCredentials: true\n      allowOrigins:\n        - \'*\'\n      allowMethods:\n        - GET\n        - POST\n        - PUT\n        - DELETE\n        - OPTIONS\n      AllowHeaders:\n        - Content-Type\n        - Content-Length\n        - Authorization\n      ExposeHeaders:\n        - Content-Length\n        - Access-Control-Allow-Headers\n  - name: tracing\n  - name: logging\n  - name: transcoder\nendpoints:\n  - path: /manager/api/*\n    timeout: ${ManagerServer.Timeout}\n    protocol: HTTP\n    responseFormat: true\n    backends:\n      - target: ${ManagerServer.Host}:${ManagerServer.HttpPort}\n  - path: /manager/client/*\n    timeout: ${ManagerServer.Timeout}\n    protocol: HTTP\n    responseFormat: true\n    backends:\n      - target: ${ManagerServer.Host}:${ManagerServer.HttpPort}\n    middlewares:\n      - name: auth\n        options:\n          url: http://localhost:${GatewayServer.HttpPort}/usercenter/client/v1/auth\n          method: POST\n  - path: /configure/api/*\n    timeout: ${ConfigureServer.Timeout}\n    protocol: HTTP\n    responseFormat: true\n    backends:\n      - target: ${ConfigureServer.Host}:${ConfigureServer.HttpPort}\n    middlewares:\n      - name: auth\n        options:\n          url: http://localhost:${GatewayServer.HttpPort}/manager/api/v1/auth\n          method: POST\n  - path: /resource/api/*\n    timeout: ${ResourceServer.Timeout}\n    protocol: HTTP\n    responseFormat: true\n    backends:\n      - target: ${ResourceServer.Host}:${ResourceServer.HttpPort}\n    middlewares:\n      - name: auth\n        options:\n          url: http://localhost:${GatewayServer.HttpPort}/manager/api/v1/auth\n          method: POST\n          whiteList:\n            - path: /resource/api/v1/static/*\n              method: GET\n            - path: /resource/api/v1/download/*\n              method: GET\n  - path: /resource/client/*\n    timeout: ${ResourceServer.Timeout}\n    protocol: HTTP\n    responseFormat: true\n    backends:\n      - target: ${ResourceServer.Host}:${ResourceServer.HttpPort}\n    middlewares:\n      - name: auth\n        options:\n          url: http://localhost:${GatewayServer.HttpPort}/usercenter/client/v1/auth\n          method: POST\n  - path: /usercenter/api/*\n    timeout: ${UserCenterServer.Timeout}\n    protocol: HTTP\n    responseFormat: true\n    backends:\n      - target: ${UserCenterServer.Host}:${UserCenterServer.HttpPort}\n    middlewares:\n      - name: auth\n        options:\n          url: http://localhost:${GatewayServer.HttpPort}/manager/api/v1/auth\n          method: POST\n  - path: /usercenter/client/*\n    timeout: ${UserCenterServer.Timeout}\n    protocol: HTTP\n    responseFormat: true\n    backends:\n      - target: ${UserCenterServer.Host}:${UserCenterServer.HttpPort}\n  - path: /cron/api/*\n    timeout: ${CronServer.Timeout}\n    protocol: HTTP\n    responseFormat: true\n    backends:\n      - target: ${CronServer.Host}:${CronServer.HttpPort}\n    middlewares:\n      - name: auth\n        options:\n          url: http://localhost:${GatewayServer.HttpPort}/manager/api/v1/auth\n          method: POST\n  - path: /partyaffairs/api/*\n    timeout: ${PartyAffairsServer.Timeout}\n    protocol: HTTP\n    responseFormat: true\n    backends:\n      - target: ${PartyAffairsServer.Host}:${PartyAffairsServer.HttpPort}\n    middlewares:\n      - name: auth\n        options:\n          url: http://localhost:${GatewayServer.HttpPort}/manager/api/v1/auth\n          method: POST\n  - path: /partyaffairs/client/*\n    timeout: ${PartyAffairsServer.Timeout}\n    protocol: HTTP\n    responseFormat: true\n    backends:\n      - target: ${PartyAffairsServer.Host}:${PartyAffairsServer.HttpPort}\n    middlewares:\n      - name: auth\n        options:\n          url: http://localhost:${GatewayServer.HttpPort}/usercenter/client/v1/auth\n          method: POST', '2B62DFD7A54233FC42AC86B7FFA9E044', 0, 'yaml', '1', '[{\"type\":\"update\",\"key\":\"endpoints\",\"old\":\"- backends:\\n    - target: ${ManagerServer.Host}:${ManagerServer.HttpPort}\\n  path: /manager/api/*\\n  protocol: HTTP\\n  responseFormat: true\\n  timeout: ${ManagerServer.Timeout}\\n- backends:\\n    - target: ${ManagerServer.Host}:${ManagerServer.HttpPort}\\n  middlewares:\\n    - name: auth\\n      options:\\n        method: POST\\n        url: http://localhost:${GatewayServer.HttpPort}/usercenter/client/v1/auth\\n  path: /manager/client/*\\n  protocol: HTTP\\n  responseFormat: true\\n  timeout: ${ManagerServer.Timeout}\\n- backends:\\n    - target: ${ConfigureServer.Host}:${ConfigureServer.HttpPort}\\n  middlewares:\\n    - name: auth\\n      options:\\n        method: POST\\n        url: http://localhost:${GatewayServer.HttpPort}/manager/api/v1/auth\\n  path: /configure/api/*\\n  protocol: HTTP\\n  responseFormat: true\\n  timeout: ${ConfigureServer.Timeout}\\n- backends:\\n    - target: ${ResourceServer.Host}:${ResourceServer.HttpPort}\\n  middlewares:\\n    - name: auth\\n      options:\\n        method: POST\\n        url: http://localhost:${GatewayServer.HttpPort}/manager/api/v1/auth\\n        whiteList:\\n            - method: GET\\n              path: /resource/api/v1/static/*\\n            - method: GET\\n              path: /resource/api/v1/download/*\\n  path: /resource/api/*\\n  protocol: HTTP\\n  responseFormat: true\\n  timeout: ${ResourceServer.Timeout}\\n- backends:\\n    - target: ${ResourceServer.Host}:${ResourceServer.HttpPort}\\n  middlewares:\\n    - name: auth\\n      options:\\n        method: POST\\n        url: http://localhost:${GatewayServer.HttpPort}/usercenter/client/v1/auth\\n  path: /resource/client/*\\n  protocol: HTTP\\n  responseFormat: true\\n  timeout: ${ResourceServer.Timeout}\\n- backends:\\n    - target: ${UserCenterServer.Host}:${UserCenterServer.HttpPort}\\n  middlewares:\\n    - name: auth\\n      options:\\n        method: POST\\n        url: http://localhost:${GatewayServer.HttpPort}/manager/api/v1/auth\\n        whiteList:\\n            - method: POST\\n              path: /usercenter/api/v1/auth\\n  path: /usercenter/api/*\\n  protocol: HTTP\\n  responseFormat: true\\n  timeout: ${UserCenterServer.Timeout}\\n- backends:\\n    - target: ${UserCenterServer.Host}:${UserCenterServer.HttpPort}\\n  path: /usercenter/client/*\\n  protocol: HTTP\\n  responseFormat: true\\n  timeout: ${UserCenterServer.Timeout}\\n- backends:\\n    - target: ${CronServer.Host}:${CronServer.HttpPort}\\n  middlewares:\\n    - name: auth\\n      options:\\n        method: POST\\n        url: http://localhost:${GatewayServer.HttpPort}/manager/api/v1/auth\\n  path: /cron/api/*\\n  protocol: HTTP\\n  responseFormat: true\\n  timeout: ${CronServer.Timeout}\\n- backends:\\n    - target: ${PartyAffairsServer.Host}:${PartyAffairsServer.HttpPort}\\n  middlewares:\\n    - name: auth\\n      options:\\n        method: POST\\n        url: http://localhost:${GatewayServer.HttpPort}/manager/api/v1/auth\\n  path: /partyaffairs/api/*\\n  protocol: HTTP\\n  responseFormat: true\\n  timeout: ${PartyAffairsServer.Timeout}\\n- backends:\\n    - target: ${PartyAffairsServer.Host}:${PartyAffairsServer.HttpPort}\\n  middlewares:\\n    - name: auth\\n      options:\\n        method: POST\\n        url: http://localhost:${GatewayServer.HttpPort}/usercenter/api/v1/auth\\n  path: /partyaffairs/client/*\\n  protocol: HTTP\\n  responseFormat: true\\n  timeout: ${PartyAffairsServer.Timeout}\\n\",\"cur\":\"- backends:\\n    - target: ${ManagerServer.Host}:${ManagerServer.HttpPort}\\n  path: /manager/api/*\\n  protocol: HTTP\\n  responseFormat: true\\n  timeout: ${ManagerServer.Timeout}\\n- backends:\\n    - target: ${ManagerServer.Host}:${ManagerServer.HttpPort}\\n  middlewares:\\n    - name: auth\\n      options:\\n        method: POST\\n        url: http://localhost:${GatewayServer.HttpPort}/usercenter/client/v1/auth\\n  path: /manager/client/*\\n  protocol: HTTP\\n  responseFormat: true\\n  timeout: ${ManagerServer.Timeout}\\n- backends:\\n    - target: ${ConfigureServer.Host}:${ConfigureServer.HttpPort}\\n  middlewares:\\n    - name: auth\\n      options:\\n        method: POST\\n        url: http://localhost:${GatewayServer.HttpPort}/manager/api/v1/auth\\n  path: /configure/api/*\\n  protocol: HTTP\\n  responseFormat: true\\n  timeout: ${ConfigureServer.Timeout}\\n- backends:\\n    - target: ${ResourceServer.Host}:${ResourceServer.HttpPort}\\n  middlewares:\\n    - name: auth\\n      options:\\n        method: POST\\n        url: http://localhost:${GatewayServer.HttpPort}/manager/api/v1/auth\\n        whiteList:\\n            - method: GET\\n              path: /resource/api/v1/static/*\\n            - method: GET\\n              path: /resource/api/v1/download/*\\n  path: /resource/api/*\\n  protocol: HTTP\\n  responseFormat: true\\n  timeout: ${ResourceServer.Timeout}\\n- backends:\\n    - target: ${ResourceServer.Host}:${ResourceServer.HttpPort}\\n  middlewares:\\n    - name: auth\\n      options:\\n        method: POST\\n        url: http://localhost:${GatewayServer.HttpPort}/usercenter/client/v1/auth\\n  path: /resource/client/*\\n  protocol: HTTP\\n  responseFormat: true\\n  timeout: ${ResourceServer.Timeout}\\n- backends:\\n    - target: ${UserCenterServer.Host}:${UserCenterServer.HttpPort}\\n  middlewares:\\n    - name: auth\\n      options:\\n        method: POST\\n        url: http://localhost:${GatewayServer.HttpPort}/manager/api/v1/auth\\n  path: /usercenter/api/*\\n  protocol: HTTP\\n  responseFormat: true\\n  timeout: ${UserCenterServer.Timeout}\\n- backends:\\n    - target: ${UserCenterServer.Host}:${UserCenterServer.HttpPort}\\n  path: /usercenter/client/*\\n  protocol: HTTP\\n  responseFormat: true\\n  timeout: ${UserCenterServer.Timeout}\\n- backends:\\n    - target: ${CronServer.Host}:${CronServer.HttpPort}\\n  middlewares:\\n    - name: auth\\n      options:\\n        method: POST\\n        url: http://localhost:${GatewayServer.HttpPort}/manager/api/v1/auth\\n  path: /cron/api/*\\n  protocol: HTTP\\n  responseFormat: true\\n  timeout: ${CronServer.Timeout}\\n- backends:\\n    - target: ${PartyAffairsServer.Host}:${PartyAffairsServer.HttpPort}\\n  middlewares:\\n    - name: auth\\n      options:\\n        method: POST\\n        url: http://localhost:${GatewayServer.HttpPort}/manager/api/v1/auth\\n  path: /partyaffairs/api/*\\n  protocol: HTTP\\n  responseFormat: true\\n  timeout: ${PartyAffairsServer.Timeout}\\n- backends:\\n    - target: ${PartyAffairsServer.Host}:${PartyAffairsServer.HttpPort}\\n  middlewares:\\n    - name: auth\\n      options:\\n        method: POST\\n        url: http://localhost:${GatewayServer.HttpPort}/usercenter/client/v1/auth\\n  path: /partyaffairs/client/*\\n  protocol: HTTP\\n  responseFormat: true\\n  timeout: ${PartyAffairsServer.Timeout}\\n\"}]'),
                                                                                                                                               (28, 1720366812, 1728072395, 3, '\nenv: ${Env.Keyword}\nserver:\n  http:\n    host: ${ResourceServer.Host}\n    port: ${ResourceServer.HttpPort}\n    timeout: ${ResourceServer.Timeout}\n    marshal:\n      emitUnpopulated: true\n      useProtoNames: true\n  grpc:\n    host: ${ResourceServer.Host}\n    port: ${ResourceServer.GrpcPort}\n    timeout: ${ResourceServer.Timeout}\nlog:\n  level: 0\n  caller: true\n  output:\n    - stdout\n    - file\n  file:\n    name: ./tmp/runtime/output.log\n    maxSize: 1\n    maxBackup: 5\n    maxAge: 1\n    compress: false\ndatabase:\n  system:\n    enable: true #是否启用数据库\n    drive: ${ResourceDatabase.Type} #数据库类型\n    autoCreate: true #是否自动创建数据库\n    connect:\n      username: ${ResourceDatabase.Username}\n      password: ${ResourceDatabase.Password}\n      host: ${ResourceDatabase.Host}\n      port: ${ResourceDatabase.Port}\n      dbName: ${ResourceDatabase.Database}\n      option: ${ResourceDatabase.Option}\n    config:\n      transformError:\n        enable: true\n      initializer:\n        enable: true\n        path: deploy/data.sql\n      maxLifetime: 2h #最大生存时间\n      maxOpenConn: 20 #最大连接数量\n      maxIdleConn: 10 #最大空闲数量\n      logLevel: 3 #日志等级\n      slowThreshold: 2s #慢sql阈值\nredis:\n  cache:\n    enable: true\n    host: ${Redis.Host}:${Redis.Port}\n    username: ${Redis.Username}\n    password: ${Redis.Password}\nbusiness:\n  chunkSize: ${ChunkSize}\n  defaultMaxSize: ${DefaultMaxSize}\n  defaultAcceptTypes: ${DefaultAcceptTypes}\n  storage:\n    type: local\n    serverUrl: https://prod-gw.qlime.cn/resource/api/v1/static\n    localDir: static\n    temporaryExpire: 600s\n    secret: limescloud\n  export:\n    serverUrl: https://prod-gw.qlime.cn/resource/api/v1/download\n    localDir: static/export\n    expire: 72h\n', '7124FA23DF2383EFF43F397F75755BFB', 0, 'yaml', '初始化配置', '[{\"type\":\"update\",\"key\":\"business\",\"old\":\"chunkSize: ${ChunkSize}\\ndefaultAcceptTypes: ${DefaultAcceptTypes}\\ndefaultMaxSize: ${DefaultMaxSize}\\nexport:\\n    expire: 72h\\n    localDir: static/export\\n    serverUrl: http://${GatewayServer.Host}:${GatewayServer.HttpPort}/resource/api/v1/download\\nstorage:\\n    localDir: static\\n    secret: limescloud\\n    serverUrl: http://${GatewayServer.Host}:${GatewayServer.HttpPort}/resource/api/v1/static\\n    temporaryExpire: 600s\\n    type: local\\n\",\"cur\":\"chunkSize: ${ChunkSize}\\ndefaultAcceptTypes: ${DefaultAcceptTypes}\\ndefaultMaxSize: ${DefaultMaxSize}\\nexport:\\n    expire: 72h\\n    localDir: static/export\\n    serverUrl: https://prod-gw.qlime.cn/resource/api/v1/download\\nstorage:\\n    localDir: static\\n    secret: limescloud\\n    serverUrl: https://prod-gw.qlime.cn/resource/api/v1/static\\n    temporaryExpire: 600s\\n    type: local\\n\"}]'),
                                                                                                                                               (29, 1723029256, 1728496716, 9, '\nenv: ${Env.Keyword}\nserver:\n  http:\n    host: ${PovertyServer.Host}\n    port: ${PovertyServer.Port}\n    timeout: ${PovertyServer.Timeout}\n    marshal:\n      emitUnpopulated: true\n      useProtoNames: true\nclient:\n  - server: Resource\n    type: direct\n    backends:\n      - target: ${ResourceServer.Host}:${ResourceServer.GrpcPort}\n  - server: UserCenter\n    type: direct\n    backends:\n      - target: ${UserCenterServer.Host}:${UserCenterServer.GrpcPort}\nlog:\n  level: 0\n  output:\n    - stdout\n    - file\n  file:\n    name: ./tmp/runtime/output.log\n    maxSize: 1\n    maxBackup: 5\n    maxAge: 1\n    compress: false\ndatabase:\n  system:\n    enable: true #是否启用数据库\n    drive: ${PovertyDatabase.Type} #数据库类型\n    autoCreate: true #是否自动创建数据库\n    connect:\n      username: ${PovertyDatabase.Username}\n      password: ${PovertyDatabase.Password}\n      host: ${PovertyDatabase.Host}\n      port: ${PovertyDatabase.Port}\n      dbName: ${PovertyDatabase.Database}\n      option: ${PovertyDatabase.Option}\n    config:\n      transformError:\n        enable: true\n      initializer:\n        enable: true\n        path: deploy/data.sql\n      maxLifetime: 2h #最大生存时间\n      maxOpenConn: 100 #最大连接数量\n      maxIdleConn: 50 #最大空闲数量\n      logLevel: 4 #日志等级\n      slowThreshold: 2s #慢sql阈值\npool: #并非池配置\n  size: 1000 #最大协程数量\n  expiryDuration: 30s #过期时间\n  preAlloc: true #是否预分配\n  maxBlockingTasks: 1000 #最大的并发任务\n  nonblocking: true\nbusiness:\n  aiBot:\n    secret: ${botKey}\n    appid: ${botId}\n    setting: ${botSetting}\n', 'C590B3EEA4E514683EEBE01F293ACF39', 0, 'yaml', '初始化提交', ''),
                                                                                                                                               (30, 1723030749, 1728064733, 1, 'addr: 0.0.0.0:${GatewayServer.HttpPort}\nname: gateway\nversion: v1\nmiddlewares:\n  - name: bbr\n  - name: cors\n    options:\n      allowCredentials: true\n      allowOrigins:\n        - \'*\'\n      allowMethods:\n        - GET\n        - POST\n        - PUT\n        - DELETE\n        - OPTIONS\n      AllowHeaders:\n        - Content-Type\n        - Content-Length\n        - Authorization\n      ExposeHeaders:\n        - Content-Length\n        - Access-Control-Allow-Headers\n  - name: tracing\n  - name: logging\n  - name: transcoder\nendpoints:\n  - path: /manager/api/*\n    timeout: ${ManagerServer.Timeout}\n    protocol: HTTP\n    responseFormat: true\n    backends:\n      - target: ${ManagerServer.Host}:${ManagerServer.HttpPort}\n  - path: /manager/client/*\n    timeout: ${ManagerServer.Timeout}\n    protocol: HTTP\n    responseFormat: true\n    backends:\n      - target: ${ManagerServer.Host}:${ManagerServer.HttpPort}\n    middlewares:\n      - name: auth\n        options:\n          url: http://localhost:${GatewayServer.HttpPort}/usercenter/client/v1/auth\n          method: POST\n  - path: /configure/api/*\n    timeout: ${ConfigureServer.Timeout}\n    protocol: HTTP\n    responseFormat: true\n    backends:\n      - target: ${ConfigureServer.Host}:${ConfigureServer.HttpPort}\n    middlewares:\n      - name: auth\n        options:\n          url: http://localhost:${GatewayServer.HttpPort}/manager/api/v1/auth\n          method: POST\n  - path: /resource/api/*\n    timeout: ${ResourceServer.Timeout}\n    protocol: HTTP\n    responseFormat: true\n    backends:\n      - target: ${ResourceServer.Host}:${ResourceServer.HttpPort}\n    middlewares:\n      - name: auth\n        options:\n          url: http://localhost:${GatewayServer.HttpPort}/manager/api/v1/auth\n          method: POST\n          whiteList:\n            - path: /resource/api/v1/static/*\n              method: GET\n            - path: /resource/api/v1/download/*\n              method: GET\n  - path: /resource/client/*\n    timeout: ${ResourceServer.Timeout}\n    protocol: HTTP\n    responseFormat: true\n    backends:\n      - target: ${ResourceServer.Host}:${ResourceServer.HttpPort}\n    middlewares:\n      - name: auth\n        options:\n          url: http://localhost:${GatewayServer.HttpPort}/usercenter/client/v1/auth\n          method: POST\n  - path: /usercenter/api/*\n    timeout: ${UserCenterServer.Timeout}\n    protocol: HTTP\n    responseFormat: true\n    backends:\n      - target: ${UserCenterServer.Host}:${UserCenterServer.HttpPort}\n    middlewares:\n      - name: auth\n        options:\n          url: http://localhost:${GatewayServer.HttpPort}/manager/api/v1/auth\n          method: POST\n  - path: /usercenter/client/*\n    timeout: ${UserCenterServer.Timeout}\n    protocol: HTTP\n    responseFormat: true\n    backends:\n      - target: ${UserCenterServer.Host}:${UserCenterServer.HttpPort}\n  - path: /cron/api/*\n    timeout: ${CronServer.Timeout}\n    protocol: HTTP\n    responseFormat: true\n    backends:\n      - target: ${CronServer.Host}:${CronServer.HttpPort}\n    middlewares:\n      - name: auth\n        options:\n          url: http://localhost:${GatewayServer.HttpPort}/manager/api/v1/auth\n          method: POST\n  - path: /partyaffairs/api/*\n    timeout: ${PartyAffairsServer.Timeout}\n    protocol: HTTP\n    responseFormat: true\n    backends:\n      - target: ${PartyAffairsServer.Host}:${PartyAffairsServer.HttpPort}\n    middlewares:\n      - name: auth\n        options:\n          url: http://localhost:${GatewayServer.HttpPort}/manager/api/v1/auth\n          method: POST\n  - path: /partyaffairs/client/*\n    timeout: ${PartyAffairsServer.Timeout}\n    protocol: HTTP\n    responseFormat: true\n    backends:\n      - target: ${PartyAffairsServer.Host}:${PartyAffairsServer.HttpPort}\n    middlewares:\n      - name: auth\n        options:\n          url: http://localhost:${GatewayServer.HttpPort}/usercenter/client/v1/auth\n          method: POST\n  - path: /poverty/api/*\n    timeout: ${PovertyServer.Timeout}\n    protocol: HTTP\n    responseFormat: true\n    backends:\n      - target: ${PovertyServer.Host}:${PovertyServer.Port}\n    middlewares:\n      - name: auth\n        options:\n          url: http://localhost:${GatewayServer.HttpPort}/manager/api/v1/auth\n          method: POST\n  - path: /poverty/client/*\n    timeout: ${PovertyServer.Timeout}\n    protocol: HTTP\n    responseFormat: true\n    backends:\n      - target: ${PovertyServer.Host}:${PovertyServer.Port}\n    middlewares:\n      - name: auth\n        options:\n          url: http://localhost:${GatewayServer.HttpPort}/usercenter/client/v1/auth\n          method: POST', '634F4B998D8891899B0E918F95BC364B', 0, 'yaml', '新增poverty', '[{\"type\":\"update\",\"key\":\"endpoints\",\"old\":\"- backends:\\n    - target: ${ManagerServer.Host}:${ManagerServer.HttpPort}\\n  path: /manager/api/*\\n  protocol: HTTP\\n  responseFormat: true\\n  timeout: ${ManagerServer.Timeout}\\n- backends:\\n    - target: ${ManagerServer.Host}:${ManagerServer.HttpPort}\\n  middlewares:\\n    - name: auth\\n      options:\\n        method: POST\\n        url: http://localhost:${GatewayServer.HttpPort}/usercenter/client/v1/auth\\n  path: /manager/client/*\\n  protocol: HTTP\\n  responseFormat: true\\n  timeout: ${ManagerServer.Timeout}\\n- backends:\\n    - target: ${ConfigureServer.Host}:${ConfigureServer.HttpPort}\\n  middlewares:\\n    - name: auth\\n      options:\\n        method: POST\\n        url: http://localhost:${GatewayServer.HttpPort}/manager/api/v1/auth\\n  path: /configure/api/*\\n  protocol: HTTP\\n  responseFormat: true\\n  timeout: ${ConfigureServer.Timeout}\\n- backends:\\n    - target: ${ResourceServer.Host}:${ResourceServer.HttpPort}\\n  middlewares:\\n    - name: auth\\n      options:\\n        method: POST\\n        url: http://localhost:${GatewayServer.HttpPort}/manager/api/v1/auth\\n        whiteList:\\n            - method: GET\\n              path: /resource/api/v1/static/*\\n            - method: GET\\n              path: /resource/api/v1/download/*\\n  path: /resource/api/*\\n  protocol: HTTP\\n  responseFormat: true\\n  timeout: ${ResourceServer.Timeout}\\n- backends:\\n    - target: ${ResourceServer.Host}:${ResourceServer.HttpPort}\\n  middlewares:\\n    - name: auth\\n      options:\\n        method: POST\\n        url: http://localhost:${GatewayServer.HttpPort}/usercenter/client/v1/auth\\n  path: /resource/client/*\\n  protocol: HTTP\\n  responseFormat: true\\n  timeout: ${ResourceServer.Timeout}\\n- backends:\\n    - target: ${UserCenterServer.Host}:${UserCenterServer.HttpPort}\\n  middlewares:\\n    - name: auth\\n      options:\\n        method: POST\\n        url: http://localhost:${GatewayServer.HttpPort}/manager/api/v1/auth\\n  path: /usercenter/api/*\\n  protocol: HTTP\\n  responseFormat: true\\n  timeout: ${UserCenterServer.Timeout}\\n- backends:\\n    - target: ${UserCenterServer.Host}:${UserCenterServer.HttpPort}\\n  path: /usercenter/client/*\\n  protocol: HTTP\\n  responseFormat: true\\n  timeout: ${UserCenterServer.Timeout}\\n- backends:\\n    - target: ${CronServer.Host}:${CronServer.HttpPort}\\n  middlewares:\\n    - name: auth\\n      options:\\n        method: POST\\n        url: http://localhost:${GatewayServer.HttpPort}/manager/api/v1/auth\\n  path: /cron/api/*\\n  protocol: HTTP\\n  responseFormat: true\\n  timeout: ${CronServer.Timeout}\\n- backends:\\n    - target: ${PartyAffairsServer.Host}:${PartyAffairsServer.HttpPort}\\n  middlewares:\\n    - name: auth\\n      options:\\n        method: POST\\n        url: http://localhost:${GatewayServer.HttpPort}/manager/api/v1/auth\\n  path: /partyaffairs/api/*\\n  protocol: HTTP\\n  responseFormat: true\\n  timeout: ${PartyAffairsServer.Timeout}\\n- backends:\\n    - target: ${PartyAffairsServer.Host}:${PartyAffairsServer.HttpPort}\\n  middlewares:\\n    - name: auth\\n      options:\\n        method: POST\\n        url: http://localhost:${GatewayServer.HttpPort}/usercenter/client/v1/auth\\n  path: /partyaffairs/client/*\\n  protocol: HTTP\\n  responseFormat: true\\n  timeout: ${PartyAffairsServer.Timeout}\\n\",\"cur\":\"- backends:\\n    - target: ${ManagerServer.Host}:${ManagerServer.HttpPort}\\n  path: /manager/api/*\\n  protocol: HTTP\\n  responseFormat: true\\n  timeout: ${ManagerServer.Timeout}\\n- backends:\\n    - target: ${ManagerServer.Host}:${ManagerServer.HttpPort}\\n  middlewares:\\n    - name: auth\\n      options:\\n        method: POST\\n        url: http://localhost:${GatewayServer.HttpPort}/usercenter/client/v1/auth\\n  path: /manager/client/*\\n  protocol: HTTP\\n  responseFormat: true\\n  timeout: ${ManagerServer.Timeout}\\n- backends:\\n    - target: ${ConfigureServer.Host}:${ConfigureServer.HttpPort}\\n  middlewares:\\n    - name: auth\\n      options:\\n        method: POST\\n        url: http://localhost:${GatewayServer.HttpPort}/manager/api/v1/auth\\n  path: /configure/api/*\\n  protocol: HTTP\\n  responseFormat: true\\n  timeout: ${ConfigureServer.Timeout}\\n- backends:\\n    - target: ${ResourceServer.Host}:${ResourceServer.HttpPort}\\n  middlewares:\\n    - name: auth\\n      options:\\n        method: POST\\n        url: http://localhost:${GatewayServer.HttpPort}/manager/api/v1/auth\\n        whiteList:\\n            - method: GET\\n              path: /resource/api/v1/static/*\\n            - method: GET\\n              path: /resource/api/v1/download/*\\n  path: /resource/api/*\\n  protocol: HTTP\\n  responseFormat: true\\n  timeout: ${ResourceServer.Timeout}\\n- backends:\\n    - target: ${ResourceServer.Host}:${ResourceServer.HttpPort}\\n  middlewares:\\n    - name: auth\\n      options:\\n        method: POST\\n        url: http://localhost:${GatewayServer.HttpPort}/usercenter/client/v1/auth\\n  path: /resource/client/*\\n  protocol: HTTP\\n  responseFormat: true\\n  timeout: ${ResourceServer.Timeout}\\n- backends:\\n    - target: ${UserCenterServer.Host}:${UserCenterServer.HttpPort}\\n  middlewares:\\n    - name: auth\\n      options:\\n        method: POST\\n        url: http://localhost:${GatewayServer.HttpPort}/manager/api/v1/auth\\n  path: /usercenter/api/*\\n  protocol: HTTP\\n  responseFormat: true\\n  timeout: ${UserCenterServer.Timeout}\\n- backends:\\n    - target: ${UserCenterServer.Host}:${UserCenterServer.HttpPort}\\n  path: /usercenter/client/*\\n  protocol: HTTP\\n  responseFormat: true\\n  timeout: ${UserCenterServer.Timeout}\\n- backends:\\n    - target: ${CronServer.Host}:${CronServer.HttpPort}\\n  middlewares:\\n    - name: auth\\n      options:\\n        method: POST\\n        url: http://localhost:${GatewayServer.HttpPort}/manager/api/v1/auth\\n  path: /cron/api/*\\n  protocol: HTTP\\n  responseFormat: true\\n  timeout: ${CronServer.Timeout}\\n- backends:\\n    - target: ${PartyAffairsServer.Host}:${PartyAffairsServer.HttpPort}\\n  middlewares:\\n    - name: auth\\n      options:\\n        method: POST\\n        url: http://localhost:${GatewayServer.HttpPort}/manager/api/v1/auth\\n  path: /partyaffairs/api/*\\n  protocol: HTTP\\n  responseFormat: true\\n  timeout: ${PartyAffairsServer.Timeout}\\n- backends:\\n    - target: ${PartyAffairsServer.Host}:${PartyAffairsServer.HttpPort}\\n  middlewares:\\n    - name: auth\\n      options:\\n        method: POST\\n        url: http://localhost:${GatewayServer.HttpPort}/usercenter/client/v1/auth\\n  path: /partyaffairs/client/*\\n  protocol: HTTP\\n  responseFormat: true\\n  timeout: ${PartyAffairsServer.Timeout}\\n- backends:\\n    - target: ${PovertyServer.Host}:${PovertyServer.Port}\\n  middlewares:\\n    - name: auth\\n      options:\\n        method: POST\\n        url: http://localhost:${GatewayServer.HttpPort}/manager/api/v1/auth\\n  path: /poverty/api/*\\n  protocol: HTTP\\n  responseFormat: true\\n  timeout: ${PovertyServer.Timeout}\\n- backends:\\n    - target: ${PovertyServer.Host}:${PovertyServer.Port}\\n  middlewares:\\n    - name: auth\\n      options:\\n        method: POST\\n        url: http://localhost:${GatewayServer.HttpPort}/usercenter/client/v1/auth\\n  path: /poverty/client/*\\n  protocol: HTTP\\n  responseFormat: true\\n  timeout: ${PovertyServer.Timeout}\\n\"}]'),
                                                                                                                                               (31, 1728064733, 1728064733, 1, 'addr: 0.0.0.0:${GatewayServer.HttpPort}\nname: gateway\nversion: v1\nmiddlewares:\n  - name: bbr\n  - name: cors\n    options:\n      allowCredentials: true\n      allowOrigins:\n        - \'*\'\n      allowMethods:\n        - GET\n        - POST\n        - PUT\n        - DELETE\n        - OPTIONS\n      AllowHeaders:\n        - Content-Type\n        - Content-Length\n        - Authorization\n      ExposeHeaders:\n        - Content-Length\n        - Access-Control-Allow-Headers\n  - name: tracing\n  - name: logging\n  - name: transcoder\nendpoints:\n  - path: /manager/api/*\n    timeout: ${ManagerServer.Timeout}\n    protocol: HTTP\n    responseFormat: true\n    backends:\n      - target: ${ManagerServer.Host}:${ManagerServer.HttpPort}\n  - path: /manager/client/*\n    timeout: ${ManagerServer.Timeout}\n    protocol: HTTP\n    responseFormat: true\n    backends:\n      - target: ${ManagerServer.Host}:${ManagerServer.HttpPort}\n    middlewares:\n      - name: auth\n        options:\n          url: http://localhost:${GatewayServer.HttpPort}/application/client/v1/auth\n          method: POST\n  - path: /configure/api/*\n    timeout: ${ConfigureServer.Timeout}\n    protocol: HTTP\n    responseFormat: true\n    backends:\n      - target: ${ConfigureServer.Host}:${ConfigureServer.HttpPort}\n    middlewares:\n      - name: auth\n        options:\n          url: http://localhost:${GatewayServer.HttpPort}/manager/api/v1/auth\n          method: POST\n  - path: /resource/api/*\n    timeout: ${ResourceServer.Timeout}\n    protocol: HTTP\n    responseFormat: true\n    backends:\n      - target: ${ResourceServer.Host}:${ResourceServer.HttpPort}\n    middlewares:\n      - name: auth\n        options:\n          url: http://localhost:${GatewayServer.HttpPort}/manager/api/v1/auth\n          method: POST\n          whiteList:\n            - path: /resource/api/v1/static/*\n              method: GET\n            - path: /resource/api/v1/download/*\n              method: GET\n  - path: /resource/client/*\n    timeout: ${ResourceServer.Timeout}\n    protocol: HTTP\n    responseFormat: true\n    backends:\n      - target: ${ResourceServer.Host}:${ResourceServer.HttpPort}\n    middlewares:\n      - name: auth\n        options:\n          url: http://localhost:${GatewayServer.HttpPort}/application/client/v1/auth\n          method: POST\n  - path: /application/api/*\n    timeout: ${ApplicationServer.Timeout}\n    protocol: HTTP\n    responseFormat: true\n    backends:\n      - target: ${ApplicationServer.Host}:${ApplicationServer.HttpPort}\n    middlewares:\n      - name: auth\n        options:\n          url: http://localhost:${GatewayServer.HttpPort}/manager/api/v1/auth\n          method: POST\n  - path: /application/client/*\n    timeout: ${ApplicationServer.Timeout}\n    protocol: HTTP\n    responseFormat: true\n    backends:\n      - target: ${ApplicationServer.Host}:${ApplicationServer.HttpPort}\n  - path: /cron/api/*\n    timeout: ${CronServer.Timeout}\n    protocol: HTTP\n    responseFormat: true\n    backends:\n      - target: ${CronServer.Host}:${CronServer.HttpPort}\n    middlewares:\n      - name: auth\n        options:\n          url: http://localhost:${GatewayServer.HttpPort}/manager/api/v1/auth\n          method: POST\n  - path: /partyaffairs/api/*\n    timeout: ${PartyAffairsServer.Timeout}\n    protocol: HTTP\n    responseFormat: true\n    backends:\n      - target: ${PartyAffairsServer.Host}:${PartyAffairsServer.HttpPort}\n    middlewares:\n      - name: auth\n        options:\n          url: http://localhost:${GatewayServer.HttpPort}/manager/api/v1/auth\n          method: POST\n  - path: /partyaffairs/client/*\n    timeout: ${PartyAffairsServer.Timeout}\n    protocol: HTTP\n    responseFormat: true\n    backends:\n      - target: ${PartyAffairsServer.Host}:${PartyAffairsServer.HttpPort}\n    middlewares:\n      - name: auth\n        options:\n          url: http://localhost:${GatewayServer.HttpPort}/application/client/v1/auth\n          method: POST\n  - path: /poverty/api/*\n    timeout: ${PovertyServer.Timeout}\n    protocol: HTTP\n    responseFormat: true\n    backends:\n      - target: ${PovertyServer.Host}:${PovertyServer.Port}\n    middlewares:\n      - name: auth\n        options:\n          url: http://localhost:${GatewayServer.HttpPort}/manager/api/v1/auth\n          method: POST\n  - path: /poverty/client/*\n    timeout: ${PovertyServer.Timeout}\n    protocol: HTTP\n    responseFormat: true\n    backends:\n      - target: ${PovertyServer.Host}:${PovertyServer.Port}\n    middlewares:\n      - name: auth\n        options:\n          url: http://localhost:${GatewayServer.HttpPort}/application/client/v1/auth\n          method: POST', '3020B1B4C417B67FE2480669A6087A34', 1, 'yaml', '新增应用中心', '[{\"type\":\"update\",\"key\":\"endpoints\",\"old\":\"- backends:\\n    - target: ${ManagerServer.Host}:${ManagerServer.HttpPort}\\n  path: /manager/api/*\\n  protocol: HTTP\\n  responseFormat: true\\n  timeout: ${ManagerServer.Timeout}\\n- backends:\\n    - target: ${ManagerServer.Host}:${ManagerServer.HttpPort}\\n  middlewares:\\n    - name: auth\\n      options:\\n        method: POST\\n        url: http://localhost:${GatewayServer.HttpPort}/usercenter/client/v1/auth\\n  path: /manager/client/*\\n  protocol: HTTP\\n  responseFormat: true\\n  timeout: ${ManagerServer.Timeout}\\n- backends:\\n    - target: ${ConfigureServer.Host}:${ConfigureServer.HttpPort}\\n  middlewares:\\n    - name: auth\\n      options:\\n        method: POST\\n        url: http://localhost:${GatewayServer.HttpPort}/manager/api/v1/auth\\n  path: /configure/api/*\\n  protocol: HTTP\\n  responseFormat: true\\n  timeout: ${ConfigureServer.Timeout}\\n- backends:\\n    - target: ${ResourceServer.Host}:${ResourceServer.HttpPort}\\n  middlewares:\\n    - name: auth\\n      options:\\n        method: POST\\n        url: http://localhost:${GatewayServer.HttpPort}/manager/api/v1/auth\\n        whiteList:\\n            - method: GET\\n              path: /resource/api/v1/static/*\\n            - method: GET\\n              path: /resource/api/v1/download/*\\n  path: /resource/api/*\\n  protocol: HTTP\\n  responseFormat: true\\n  timeout: ${ResourceServer.Timeout}\\n- backends:\\n    - target: ${ResourceServer.Host}:${ResourceServer.HttpPort}\\n  middlewares:\\n    - name: auth\\n      options:\\n        method: POST\\n        url: http://localhost:${GatewayServer.HttpPort}/usercenter/client/v1/auth\\n  path: /resource/client/*\\n  protocol: HTTP\\n  responseFormat: true\\n  timeout: ${ResourceServer.Timeout}\\n- backends:\\n    - target: ${UserCenterServer.Host}:${UserCenterServer.HttpPort}\\n  middlewares:\\n    - name: auth\\n      options:\\n        method: POST\\n        url: http://localhost:${GatewayServer.HttpPort}/manager/api/v1/auth\\n  path: /usercenter/api/*\\n  protocol: HTTP\\n  responseFormat: true\\n  timeout: ${UserCenterServer.Timeout}\\n- backends:\\n    - target: ${UserCenterServer.Host}:${UserCenterServer.HttpPort}\\n  path: /usercenter/client/*\\n  protocol: HTTP\\n  responseFormat: true\\n  timeout: ${UserCenterServer.Timeout}\\n- backends:\\n    - target: ${CronServer.Host}:${CronServer.HttpPort}\\n  middlewares:\\n    - name: auth\\n      options:\\n        method: POST\\n        url: http://localhost:${GatewayServer.HttpPort}/manager/api/v1/auth\\n  path: /cron/api/*\\n  protocol: HTTP\\n  responseFormat: true\\n  timeout: ${CronServer.Timeout}\\n- backends:\\n    - target: ${PartyAffairsServer.Host}:${PartyAffairsServer.HttpPort}\\n  middlewares:\\n    - name: auth\\n      options:\\n        method: POST\\n        url: http://localhost:${GatewayServer.HttpPort}/manager/api/v1/auth\\n  path: /partyaffairs/api/*\\n  protocol: HTTP\\n  responseFormat: true\\n  timeout: ${PartyAffairsServer.Timeout}\\n- backends:\\n    - target: ${PartyAffairsServer.Host}:${PartyAffairsServer.HttpPort}\\n  middlewares:\\n    - name: auth\\n      options:\\n        method: POST\\n        url: http://localhost:${GatewayServer.HttpPort}/usercenter/client/v1/auth\\n  path: /partyaffairs/client/*\\n  protocol: HTTP\\n  responseFormat: true\\n  timeout: ${PartyAffairsServer.Timeout}\\n- backends:\\n    - target: ${PovertyServer.Host}:${PovertyServer.Port}\\n  middlewares:\\n    - name: auth\\n      options:\\n        method: POST\\n        url: http://localhost:${GatewayServer.HttpPort}/manager/api/v1/auth\\n  path: /poverty/api/*\\n  protocol: HTTP\\n  responseFormat: true\\n  timeout: ${PovertyServer.Timeout}\\n- backends:\\n    - target: ${PovertyServer.Host}:${PovertyServer.Port}\\n  middlewares:\\n    - name: auth\\n      options:\\n        method: POST\\n        url: http://localhost:${GatewayServer.HttpPort}/usercenter/client/v1/auth\\n  path: /poverty/client/*\\n  protocol: HTTP\\n  responseFormat: true\\n  timeout: ${PovertyServer.Timeout}\\n\",\"cur\":\"- backends:\\n    - target: ${ManagerServer.Host}:${ManagerServer.HttpPort}\\n  path: /manager/api/*\\n  protocol: HTTP\\n  responseFormat: true\\n  timeout: ${ManagerServer.Timeout}\\n- backends:\\n    - target: ${ManagerServer.Host}:${ManagerServer.HttpPort}\\n  middlewares:\\n    - name: auth\\n      options:\\n        method: POST\\n        url: http://localhost:${GatewayServer.HttpPort}/application/client/v1/auth\\n  path: /manager/client/*\\n  protocol: HTTP\\n  responseFormat: true\\n  timeout: ${ManagerServer.Timeout}\\n- backends:\\n    - target: ${ConfigureServer.Host}:${ConfigureServer.HttpPort}\\n  middlewares:\\n    - name: auth\\n      options:\\n        method: POST\\n        url: http://localhost:${GatewayServer.HttpPort}/manager/api/v1/auth\\n  path: /configure/api/*\\n  protocol: HTTP\\n  responseFormat: true\\n  timeout: ${ConfigureServer.Timeout}\\n- backends:\\n    - target: ${ResourceServer.Host}:${ResourceServer.HttpPort}\\n  middlewares:\\n    - name: auth\\n      options:\\n        method: POST\\n        url: http://localhost:${GatewayServer.HttpPort}/manager/api/v1/auth\\n        whiteList:\\n            - method: GET\\n              path: /resource/api/v1/static/*\\n            - method: GET\\n              path: /resource/api/v1/download/*\\n  path: /resource/api/*\\n  protocol: HTTP\\n  responseFormat: true\\n  timeout: ${ResourceServer.Timeout}\\n- backends:\\n    - target: ${ResourceServer.Host}:${ResourceServer.HttpPort}\\n  middlewares:\\n    - name: auth\\n      options:\\n        method: POST\\n        url: http://localhost:${GatewayServer.HttpPort}/application/client/v1/auth\\n  path: /resource/client/*\\n  protocol: HTTP\\n  responseFormat: true\\n  timeout: ${ResourceServer.Timeout}\\n- backends:\\n    - target: ${ApplicationServer.Host}:${ApplicationServer.HttpPort}\\n  middlewares:\\n    - name: auth\\n      options:\\n        method: POST\\n        url: http://localhost:${GatewayServer.HttpPort}/manager/api/v1/auth\\n  path: /application/api/*\\n  protocol: HTTP\\n  responseFormat: true\\n  timeout: ${ApplicationServer.Timeout}\\n- backends:\\n    - target: ${ApplicationServer.Host}:${ApplicationServer.HttpPort}\\n  path: /application/client/*\\n  protocol: HTTP\\n  responseFormat: true\\n  timeout: ${ApplicationServer.Timeout}\\n- backends:\\n    - target: ${CronServer.Host}:${CronServer.HttpPort}\\n  middlewares:\\n    - name: auth\\n      options:\\n        method: POST\\n        url: http://localhost:${GatewayServer.HttpPort}/manager/api/v1/auth\\n  path: /cron/api/*\\n  protocol: HTTP\\n  responseFormat: true\\n  timeout: ${CronServer.Timeout}\\n- backends:\\n    - target: ${PartyAffairsServer.Host}:${PartyAffairsServer.HttpPort}\\n  middlewares:\\n    - name: auth\\n      options:\\n        method: POST\\n        url: http://localhost:${GatewayServer.HttpPort}/manager/api/v1/auth\\n  path: /partyaffairs/api/*\\n  protocol: HTTP\\n  responseFormat: true\\n  timeout: ${PartyAffairsServer.Timeout}\\n- backends:\\n    - target: ${PartyAffairsServer.Host}:${PartyAffairsServer.HttpPort}\\n  middlewares:\\n    - name: auth\\n      options:\\n        method: POST\\n        url: http://localhost:${GatewayServer.HttpPort}/application/client/v1/auth\\n  path: /partyaffairs/client/*\\n  protocol: HTTP\\n  responseFormat: true\\n  timeout: ${PartyAffairsServer.Timeout}\\n- backends:\\n    - target: ${PovertyServer.Host}:${PovertyServer.Port}\\n  middlewares:\\n    - name: auth\\n      options:\\n        method: POST\\n        url: http://localhost:${GatewayServer.HttpPort}/manager/api/v1/auth\\n  path: /poverty/api/*\\n  protocol: HTTP\\n  responseFormat: true\\n  timeout: ${PovertyServer.Timeout}\\n- backends:\\n    - target: ${PovertyServer.Host}:${PovertyServer.Port}\\n  middlewares:\\n    - name: auth\\n      options:\\n        method: POST\\n        url: http://localhost:${GatewayServer.HttpPort}/application/client/v1/auth\\n  path: /poverty/client/*\\n  protocol: HTTP\\n  responseFormat: true\\n  timeout: ${PovertyServer.Timeout}\\n\"}]'),
                                                                                                                                               (32, 1728064794, 1728064794, 5, '\nenv: ${Env.Keyword}\nserver:\n  http:\n    host: ${ApplicationServer.Host}\n    port: ${ApplicationServer.HttpPort}\n    timeout: ${ApplicationServer.Timeout}\n    marshal:\n      emitUnpopulated: true\n      useProtoNames: true\n  grpc:\n    host: ${ApplicationServer.Host}\n    port: ${ApplicationServer.GrpcPort}\n    timeout: ${ApplicationServer.Timeout}\nclient:\n  - server: Resource\n    type: direct\n    backends:\n      - target: ${ResourceServer.Host}:${ResourceServer.GrpcPort}\nlog:\n  level: 0\n  caller: true\n  output:\n    - stdout\n    - file\n  file:\n    name: ./tmp/runtime/output.log\n    maxSize: 1\n    maxBackup: 5\n    maxAge: 1\n    compress: false\ndatabase:\n  system:\n    enable: true #是否启用数据库\n    drive: ${ApplicationDatabase.Type} #数据库类型\n    autoCreate: true #是否自动创建数据库\n    connect:\n      username: ${ApplicationDatabase.Username}\n      password: ${ApplicationDatabase.Password}\n      host: ${ApplicationDatabase.Host}\n      port: ${ApplicationDatabase.Port}\n      dbName: ${ApplicationDatabase.Database}\n      option: ${ApplicationDatabase.Option}\n    config:\n      transformError:\n        enable: true\n      initializer:\n        enable: true\n        path: deploy/data.sql\n      maxLifetime: 2h #最大生存时间\n      maxOpenConn: 20 #最大连接数量\n      maxIdleConn: 10 #最大空闲数量\n      logLevel: 4 #日志等级\n      slowThreshold: 2s #慢sql阈值\nredis:\n  cache:\n    enable: true\n    host: ${Redis.Host}:${Redis.Port}\n    username: ${Redis.Username}\n    password: ${Redis.Password}\ncaptcha:\n  loginImage:\n    type: image\n    length: 6\n    expire: 180s\n    redis: cache\n    height: 80\n    width: 200\n    skew: 0.7\n    dotCount: 80\n    refresh: true\n  bindImage:\n    type: image\n    length: 6\n    expire: 180s\n    redis: cache\n    height: 80\n    width: 200\n    skew: 0.7\n    dotCount: 80\n    refresh: true\n  registerImage:\n    type: image\n    length: 6\n    expire: 180s\n    redis: cache\n    height: 80\n    width: 200\n    skew: 0.7\n    dotCount: 80\n    refresh: true\n  loginEmail:\n    type: email\n    length: 6\n    expire: 180s\n    redis: cache\n    template: login\n  bindEmail:\n    type: email\n    length: 6\n    expire: 180s\n    redis: cache\n    template: bind\n  registerEmail:\n    type: email\n    length: 6\n    expire: 180s\n    redis: cache\n    template: register\nloader:\n  password: static/cert/password.pem\nemail:\n  template:\n    login:\n      subject: 登录验证码发送通知\n      path: static/template/email/default.html\n      type: text/html\n    bind:\n      subject: 绑定验证码发送通知\n      path: static/template/email/default.html\n      type: text/html\n    register:\n      subject: 注册验证码发送通知\n      path: static/template/email/default.html\n      type: text/html\n  user: ${Email.Username}\n  name: ${Email.Company}\n  host: ${Email.Host}\n  port: ${Email.Port}\n  password: ${Email.Password}\njwt:\n  redis: cache\n  secret: ${ClientJwt.Secret}\n  expire: ${ClientJwt.Expire}\n  renewal: ${ClientJwt.Renewal}\n  whitelist: ${ClientJwt.Whitelist}\nbusiness:\n  defaultPasswordExpire: 10s\n  defaultNickName: 用户-\n', 'AB3C721A133F848EDC1A4A015271B274', 1, 'yaml', '新增应用中心', '[{\"type\":\"update\",\"key\":\"server\",\"old\":\"grpc:\\n    host: ${UserCenterServer.Host}\\n    port: ${UserCenterServer.GrpcPort}\\n    timeout: ${UserCenterServer.Timeout}\\nhttp:\\n    host: ${UserCenterServer.Host}\\n    marshal:\\n        emitUnpopulated: true\\n        useProtoNames: true\\n    port: ${UserCenterServer.HttpPort}\\n    timeout: ${UserCenterServer.Timeout}\\n\",\"cur\":\"grpc:\\n    host: ${ApplicationServer.Host}\\n    port: ${ApplicationServer.GrpcPort}\\n    timeout: ${ApplicationServer.Timeout}\\nhttp:\\n    host: ${ApplicationServer.Host}\\n    marshal:\\n        emitUnpopulated: true\\n        useProtoNames: true\\n    port: ${ApplicationServer.HttpPort}\\n    timeout: ${ApplicationServer.Timeout}\\n\"},{\"type\":\"update\",\"key\":\"database\",\"old\":\"system:\\n    autoCreate: true\\n    config:\\n        initializer:\\n            enable: true\\n            path: deploy/data.sql\\n        logLevel: 4\\n        maxIdleConn: 10\\n        maxLifetime: 2h\\n        maxOpenConn: 20\\n        slowThreshold: 2s\\n        transformError:\\n            enable: true\\n    connect:\\n        dbName: ${UserCenterDatabase.Database}\\n        host: ${UserCenterDatabase.Host}\\n        option: ${UserCenterDatabase.Option}\\n        password: ${UserCenterDatabase.Password}\\n        port: ${UserCenterDatabase.Port}\\n        username: ${UserCenterDatabase.Username}\\n    drive: ${UserCenterDatabase.Type}\\n    enable: true\\n\",\"cur\":\"system:\\n    autoCreate: true\\n    config:\\n        initializer:\\n            enable: true\\n            path: deploy/data.sql\\n        logLevel: 4\\n        maxIdleConn: 10\\n        maxLifetime: 2h\\n        maxOpenConn: 20\\n        slowThreshold: 2s\\n        transformError:\\n            enable: true\\n    connect:\\n        dbName: ${ApplicationDatabase.Database}\\n        host: ${ApplicationDatabase.Host}\\n        option: ${ApplicationDatabase.Option}\\n        password: ${ApplicationDatabase.Password}\\n        port: ${ApplicationDatabase.Port}\\n        username: ${ApplicationDatabase.Username}\\n    drive: ${ApplicationDatabase.Type}\\n    enable: true\\n\"}]'),
                                                                                                                                               (33, 1728071372, 1728071372, 6, '\nenv: ${Env.Keyword}\nserver:\n  http:\n    host: ${PartyAffairsServer.Host}\n    port: ${PartyAffairsServer.HttpPort}\n    timeout: ${PartyAffairsServer.Timeout}\n    marshal:\n      emitUnpopulated: true\n      useProtoNames: true\n  grpc:\n    host: ${PartyAffairsServer.Host}\n    port: ${PartyAffairsServer.GrpcPort}\n    timeout: ${PartyAffairsServer.Timeout}\nclient:\n  - server: Resource\n    type: direct\n    backends:\n      - target: ${ResourceServer.Host}:${ResourceServer.GrpcPort}\n  - server: Application\n    type: direct\n    backends:\n      - target: ${ApplicationServer.Host}:${ApplicationServer.GrpcPort}\nlog:\n  level: 0\n  output:\n    - stdout\n    - file\n  file:\n    name: ./tmp/runtime/output.log\n    maxSize: 1\n    maxBackup: 5\n    maxAge: 1\n    compress: false\ndatabase:\n  system:\n    enable: true #是否启用数据库\n    drive: ${PartyAffairsDatabase.Type} #数据库类型\n    autoCreate: true #是否自动创建数据库\n    connect:\n      username: ${PartyAffairsDatabase.Username}\n      password: ${PartyAffairsDatabase.Password}\n      host: ${PartyAffairsDatabase.Host}\n      port: ${PartyAffairsDatabase.Port}\n      dbName: ${PartyAffairsDatabase.Database}\n      option: ${PartyAffairsDatabase.Option}\n    config:\n      transformError:\n        enable: true\n      initializer:\n        enable: true\n        path: deploy/data.sql\n      maxLifetime: 2h #最大生存时间\n      maxOpenConn: 20 #最大连接数量\n      maxIdleConn: 10 #最大空闲数量\n      logLevel: 4 #日志等级\n      slowThreshold: 2s #慢sql阈值\n', 'D0ACCE3CA222DC8765CD13AAFD841EDD', 1, 'yaml', '修改应用中心', '[{\"type\":\"update\",\"key\":\"client\",\"old\":\"- backends:\\n    - target: ${ResourceServer.Host}:${ResourceServer.GrpcPort}\\n  server: Resource\\n  type: direct\\n- backends:\\n    - target: ${UserCenterServer.Host}:${UserCenterServer.GrpcPort}\\n  server: UserCenter\\n  type: direct\\n\",\"cur\":\"- backends:\\n    - target: ${ResourceServer.Host}:${ResourceServer.GrpcPort}\\n  server: Resource\\n  type: direct\\n- backends:\\n    - target: ${ApplicationServer.Host}:${ApplicationServer.GrpcPort}\\n  server: Application\\n  type: direct\\n\"}]');
INSERT INTO `template` (`id`, `created_at`, `updated_at`, `server_id`, `content`, `version`, `is_use`, `format`, `description`, `compare`) VALUES
                                                                                                                                               (34, 1728072395, 1728072395, 3, '\nenv: ${Env.Keyword}\nserver:\n  http:\n    host: ${ResourceServer.Host}\n    port: ${ResourceServer.HttpPort}\n    timeout: ${ResourceServer.Timeout}\n    marshal:\n      emitUnpopulated: true\n      useProtoNames: true\n  grpc:\n    host: ${ResourceServer.Host}\n    port: ${ResourceServer.GrpcPort}\n    timeout: ${ResourceServer.Timeout}\nlog:\n  level: 0\n  caller: true\n  output:\n    - stdout\n    - file\n  file:\n    name: ./tmp/runtime/output.log\n    maxSize: 1\n    maxBackup: 5\n    maxAge: 1\n    compress: false\ndatabase:\n  system:\n    enable: true #是否启用数据库\n    drive: ${ResourceDatabase.Type} #数据库类型\n    autoCreate: true #是否自动创建数据库\n    connect:\n      username: ${ResourceDatabase.Username}\n      password: ${ResourceDatabase.Password}\n      host: ${ResourceDatabase.Host}\n      port: ${ResourceDatabase.Port}\n      dbName: ${ResourceDatabase.Database}\n      option: ${ResourceDatabase.Option}\n    config:\n      transformError:\n        enable: true\n      initializer:\n        enable: true\n        path: deploy/data.sql\n      maxLifetime: 2h #最大生存时间\n      maxOpenConn: 20 #最大连接数量\n      maxIdleConn: 10 #最大空闲数量\n      logLevel: 4 #日志等级\n      slowThreshold: 2s #慢sql阈值\nredis:\n  cache:\n    enable: true\n    host: ${Redis.Host}:${Redis.Port}\n    username: ${Redis.Username}\n    password: ${Redis.Password}\nbusiness:\n  chunkSize: ${ChunkSize}\n  defaultMaxSize: ${DefaultMaxSize}\n  defaultAcceptTypes: ${DefaultAcceptTypes}\n  storage:\n    type: local\n    serverUrl: https://prod-gw.qlime.cn/resource/api/v1/static\n    localDir: static\n    temporaryExpire: 600s\n    secret: limescloud\n  export:\n    serverUrl: https://prod-gw.qlime.cn/resource/api/v1/download\n    localDir: static/export\n    expire: 72h\n', 'A940188BE20724F72D54E3673D51C7FD', 1, 'yaml', '新增数据库日志', '[{\"type\":\"update\",\"key\":\"database\",\"old\":\"system:\\n    autoCreate: true\\n    config:\\n        initializer:\\n            enable: true\\n            path: deploy/data.sql\\n        logLevel: 3\\n        maxIdleConn: 10\\n        maxLifetime: 2h\\n        maxOpenConn: 20\\n        slowThreshold: 2s\\n        transformError:\\n            enable: true\\n    connect:\\n        dbName: ${ResourceDatabase.Database}\\n        host: ${ResourceDatabase.Host}\\n        option: ${ResourceDatabase.Option}\\n        password: ${ResourceDatabase.Password}\\n        port: ${ResourceDatabase.Port}\\n        username: ${ResourceDatabase.Username}\\n    drive: ${ResourceDatabase.Type}\\n    enable: true\\n\",\"cur\":\"system:\\n    autoCreate: true\\n    config:\\n        initializer:\\n            enable: true\\n            path: deploy/data.sql\\n        logLevel: 4\\n        maxIdleConn: 10\\n        maxLifetime: 2h\\n        maxOpenConn: 20\\n        slowThreshold: 2s\\n        transformError:\\n            enable: true\\n    connect:\\n        dbName: ${ResourceDatabase.Database}\\n        host: ${ResourceDatabase.Host}\\n        option: ${ResourceDatabase.Option}\\n        password: ${ResourceDatabase.Password}\\n        port: ${ResourceDatabase.Port}\\n        username: ${ResourceDatabase.Username}\\n    drive: ${ResourceDatabase.Type}\\n    enable: true\\n\"}]'),
                                                                                                                                               (35, 1728496716, 1728496716, 9, '\nenv: ${Env.Keyword}\nserver:\n  http:\n    host: ${PovertyServer.Host}\n    port: ${PovertyServer.Port}\n    timeout: ${PovertyServer.Timeout}\n    marshal:\n      emitUnpopulated: true\n      useProtoNames: true\nclient:\n  - server: Resource\n    type: direct\n    backends:\n      - target: ${ResourceServer.Host}:${ResourceServer.GrpcPort}\n  - server: Application\n    type: direct\n    backends:\n      - target: ${ApplicationServer.Host}:${ApplicationServer.GrpcPort}\nlog:\n  level: 0\n  output:\n    - stdout\n    - file\n  file:\n    name: ./tmp/runtime/output.log\n    maxSize: 1\n    maxBackup: 5\n    maxAge: 1\n    compress: false\ndatabase:\n  system:\n    enable: true #是否启用数据库\n    drive: ${PovertyDatabase.Type} #数据库类型\n    autoCreate: true #是否自动创建数据库\n    connect:\n      username: ${PovertyDatabase.Username}\n      password: ${PovertyDatabase.Password}\n      host: ${PovertyDatabase.Host}\n      port: ${PovertyDatabase.Port}\n      dbName: ${PovertyDatabase.Database}\n      option: ${PovertyDatabase.Option}\n    config:\n      transformError:\n        enable: true\n      initializer:\n        enable: true\n        path: deploy/data.sql\n      maxLifetime: 2h #最大生存时间\n      maxOpenConn: 100 #最大连接数量\n      maxIdleConn: 50 #最大空闲数量\n      logLevel: 4 #日志等级\n      slowThreshold: 2s #慢sql阈值\npool: #并非池配置\n  size: 1000 #最大协程数量\n  expiryDuration: 30s #过期时间\n  preAlloc: true #是否预分配\n  maxBlockingTasks: 1000 #最大的并发任务\n  nonblocking: true\nbusiness:\n  aiBot:\n    secret: ${botKey}\n    appid: ${botId}\n    setting: ${botSetting}\n', 'A52745FD56B8F35A884788911B482BA5', 1, 'yaml', '修改应用中心', '[{\"type\":\"update\",\"key\":\"client\",\"old\":\"- backends:\\n    - target: ${ResourceServer.Host}:${ResourceServer.GrpcPort}\\n  server: Resource\\n  type: direct\\n- backends:\\n    - target: ${UserCenterServer.Host}:${UserCenterServer.GrpcPort}\\n  server: UserCenter\\n  type: direct\\n\",\"cur\":\"- backends:\\n    - target: ${ResourceServer.Host}:${ResourceServer.GrpcPort}\\n  server: Resource\\n  type: direct\\n- backends:\\n    - target: ${ApplicationServer.Host}:${ApplicationServer.GrpcPort}\\n  server: Application\\n  type: direct\\n\"}]');

--
-- 转储表的索引
--

--
-- 表的索引 `business`
--
ALTER TABLE `business`
    ADD PRIMARY KEY (`id`),
  ADD KEY `idx_business_created_at` (`created_at`),
  ADD KEY `idx_business_updated_at` (`updated_at`),
  ADD KEY `fk_business_server` (`server_id`);

--
-- 表的索引 `business_value`
--
ALTER TABLE `business_value`
    ADD PRIMARY KEY (`id`),
  ADD UNIQUE KEY `env_id` (`env_id`,`business_id`),
  ADD KEY `idx_business_value_created_at` (`created_at`),
  ADD KEY `idx_business_value_updated_at` (`updated_at`),
  ADD KEY `fk_business_value_env` (`env_id`),
  ADD KEY `fk_business_values` (`business_id`);

--
-- 表的索引 `configure`
--
ALTER TABLE `configure`
    ADD PRIMARY KEY (`id`),
  ADD KEY `idx_configure_updated_at` (`updated_at`),
  ADD KEY `idx_configure_created_at` (`created_at`),
  ADD KEY `fk_configure_server` (`server_id`),
  ADD KEY `fk_configure_env` (`env_id`);

--
-- 表的索引 `env`
--
ALTER TABLE `env`
    ADD PRIMARY KEY (`id`),
  ADD KEY `idx_env_created_at` (`created_at`),
  ADD KEY `idx_env_updated_at` (`updated_at`);

--
-- 表的索引 `gorm_init`
--
ALTER TABLE `gorm_init`
    ADD PRIMARY KEY (`id`);

--
-- 表的索引 `resource`
--
ALTER TABLE `resource`
    ADD PRIMARY KEY (`id`),
  ADD KEY `idx_resource_created_at` (`created_at`),
  ADD KEY `idx_resource_updated_at` (`updated_at`);

--
-- 表的索引 `resource_server`
--
ALTER TABLE `resource_server`
    ADD PRIMARY KEY (`id`),
  ADD UNIQUE KEY `sr` (`server_id`,`resource_id`),
  ADD KEY `idx_resource_server_created_at` (`created_at`),
  ADD KEY `fk_resource_resource_server` (`resource_id`);

--
-- 表的索引 `resource_value`
--
ALTER TABLE `resource_value`
    ADD PRIMARY KEY (`id`),
  ADD UNIQUE KEY `er` (`env_id`,`resource_id`),
  ADD KEY `idx_resource_value_updated_at` (`updated_at`),
  ADD KEY `idx_resource_value_created_at` (`created_at`),
  ADD KEY `fk_resource_resource_value` (`resource_id`);

--
-- 表的索引 `server`
--
ALTER TABLE `server`
    ADD PRIMARY KEY (`id`),
  ADD KEY `idx_server_created_at` (`created_at`),
  ADD KEY `idx_server_updated_at` (`updated_at`);

--
-- 表的索引 `template`
--
ALTER TABLE `template`
    ADD PRIMARY KEY (`id`),
  ADD UNIQUE KEY `sv` (`server_id`,`version`),
  ADD KEY `idx_template_created_at` (`created_at`),
  ADD KEY `idx_template_updated_at` (`updated_at`);

--
-- 在导出的表使用AUTO_INCREMENT
--

--
-- 使用表AUTO_INCREMENT `business`
--
ALTER TABLE `business`
    MODIFY `id` int(10) UNSIGNED NOT NULL AUTO_INCREMENT COMMENT '主键ID', AUTO_INCREMENT=19;

--
-- 使用表AUTO_INCREMENT `business_value`
--
ALTER TABLE `business_value`
    MODIFY `id` int(10) UNSIGNED NOT NULL AUTO_INCREMENT COMMENT '主键ID', AUTO_INCREMENT=112;

--
-- 使用表AUTO_INCREMENT `configure`
--
ALTER TABLE `configure`
    MODIFY `id` int(10) UNSIGNED NOT NULL AUTO_INCREMENT COMMENT '主键ID', AUTO_INCREMENT=22;

--
-- 使用表AUTO_INCREMENT `env`
--
ALTER TABLE `env`
    MODIFY `id` int(10) UNSIGNED NOT NULL AUTO_INCREMENT COMMENT '主键ID', AUTO_INCREMENT=5;

--
-- 使用表AUTO_INCREMENT `gorm_init`
--
ALTER TABLE `gorm_init`
    MODIFY `id` int(10) UNSIGNED NOT NULL AUTO_INCREMENT, AUTO_INCREMENT=2;

--
-- 使用表AUTO_INCREMENT `resource`
--
ALTER TABLE `resource`
    MODIFY `id` int(10) UNSIGNED NOT NULL AUTO_INCREMENT COMMENT '主键ID', AUTO_INCREMENT=21;

--
-- 使用表AUTO_INCREMENT `resource_server`
--
ALTER TABLE `resource_server`
    MODIFY `id` int(10) UNSIGNED NOT NULL AUTO_INCREMENT COMMENT '主键ID', AUTO_INCREMENT=9;

--
-- 使用表AUTO_INCREMENT `resource_value`
--
ALTER TABLE `resource_value`
    MODIFY `id` int(10) UNSIGNED NOT NULL AUTO_INCREMENT COMMENT '主键ID', AUTO_INCREMENT=140;

--
-- 使用表AUTO_INCREMENT `server`
--
ALTER TABLE `server`
    MODIFY `id` int(10) UNSIGNED NOT NULL AUTO_INCREMENT COMMENT '主键ID', AUTO_INCREMENT=10;

--
-- 使用表AUTO_INCREMENT `template`
--
ALTER TABLE `template`
    MODIFY `id` int(10) UNSIGNED NOT NULL AUTO_INCREMENT COMMENT '主键ID', AUTO_INCREMENT=36;

--
-- 限制导出的表
--

--
-- 限制表 `business`
--
ALTER TABLE `business`
    ADD CONSTRAINT `fk_business_server` FOREIGN KEY (`server_id`) REFERENCES `server` (`id`) ON DELETE CASCADE;

--
-- 限制表 `business_value`
--
ALTER TABLE `business_value`
    ADD CONSTRAINT `fk_business_value_env` FOREIGN KEY (`env_id`) REFERENCES `env` (`id`) ON DELETE CASCADE,
  ADD CONSTRAINT `fk_business_values` FOREIGN KEY (`business_id`) REFERENCES `business` (`id`) ON DELETE CASCADE;

--
-- 限制表 `configure`
--
ALTER TABLE `configure`
    ADD CONSTRAINT `fk_configure_env` FOREIGN KEY (`env_id`) REFERENCES `env` (`id`) ON DELETE CASCADE,
  ADD CONSTRAINT `fk_configure_server` FOREIGN KEY (`server_id`) REFERENCES `server` (`id`) ON DELETE CASCADE;

--
-- 限制表 `resource_server`
--
ALTER TABLE `resource_server`
    ADD CONSTRAINT `fk_resource_resource_server` FOREIGN KEY (`resource_id`) REFERENCES `resource` (`id`) ON DELETE CASCADE,
  ADD CONSTRAINT `fk_resource_server_server` FOREIGN KEY (`server_id`) REFERENCES `server` (`id`) ON DELETE CASCADE;

--
-- 限制表 `resource_value`
--
ALTER TABLE `resource_value`
    ADD CONSTRAINT `fk_resource_resource_value` FOREIGN KEY (`resource_id`) REFERENCES `resource` (`id`) ON DELETE CASCADE,
  ADD CONSTRAINT `fk_resource_value_env` FOREIGN KEY (`env_id`) REFERENCES `env` (`id`) ON DELETE CASCADE;

--
-- 限制表 `template`
--
ALTER TABLE `template`
    ADD CONSTRAINT `fk_template_server` FOREIGN KEY (`server_id`) REFERENCES `server` (`id`) ON DELETE CASCADE;
COMMIT;

/*!40101 SET CHARACTER_SET_CLIENT=@OLD_CHARACTER_SET_CLIENT */;
/*!40101 SET CHARACTER_SET_RESULTS=@OLD_CHARACTER_SET_RESULTS */;
/*!40101 SET COLLATION_CONNECTION=@OLD_COLLATION_CONNECTION */;
